good_id,group_name,name,value
291888914,Основная информация,Цвет,белый
291888914,Общие характеристики,Модель,беспроводной
291888914,Общие характеристики,Гарантийный срок,1 год
291888914,Питание,Питание,от аккумулятора; от сети
291888914,Технические особенности,Количество режимов работы,15 режимов
291888914,Насадки,Количество насадок,10 шт.
291888914,Дополнительная информация,Тип массажера,электроимпульсный; электроимпульсный; акупунктурный/акупрессурный
291888914,Дополнительная информация,Зона массажа,живот; ягодицы; бедра
291888914,Дополнительная информация,Форма массажера,ручной электромассажер
291888914,Дополнительная информация,Действие,коррекция фигуры; снятие мышечного напряжения; улучшение кровообращения
291888914,Дополнительная информация,Мин. продолжительность автономной работы,10000 мин
291888914,Дополнительная информация,Доп. опции массажера,электромиостимуляция; эффект иглоукалывания; инфракрасный излучатель
291888914,Дополнительная информация,Комплектация,"миостимулятор, блок питания,комплект проводов; комплект батареек; Инструкция пользователя; аппликаторы 8 шт; ЛОР насадка - 2 шт"
291888914,Дополнительная информация,Страна производства,Китай
291888914,Габариты,Высота предмета,7 см
291888914,Габариты,Ширина предмета,19 см
291888914,Габариты,Вес без упаковки (кг),0.13 кг
291888914,Габариты,Вес с упаковкой (кг),0.43 кг
291888914,Габариты,Длина упаковки,18 см
291888914,Габариты,Высота упаковки,5 см
291888914,Габариты,Ширина упаковки,18 см
143533250,Основная информация,Цвет,белый; белый глянец
143533250,Общие характеристики,Модель,беспроводной
143533250,Общие характеристики,Гарантийный срок,1 год
143533250,Питание,Питание,от аккумулятора; от сети
143533250,Технические особенности,Количество режимов работы,24
143533250,Насадки,Количество насадок,10 шт.
143533250,Дополнительная информация,Тип массажера,электроимпульсный; постукивающий; электроимпульсный
143533250,Дополнительная информация,Зона массажа,спина; тело; ноги
143533250,Дополнительная информация,Форма массажера,ручной электромассажер
143533250,Дополнительная информация,Действие,снятие мышечного напряжения; улучшение кровообращения; восстановление
143533250,Дополнительная информация,Мин. продолжительность автономной работы,10000 мин
143533250,Дополнительная информация,Доп. опции массажера,электромиостимуляция; эффект иглоукалывания; инфракрасный излучатель
143533250,Дополнительная информация,Комплектация,"миостимулятор, блок питания,комплект проводов; Инструкция пользователя; аппликаторы 8 шт; лор насадка"
143533250,Дополнительная информация,Страна производства,Китай
143533250,Габариты,Высота предмета,6 см
143533250,Габариты,Ширина предмета,13.5 см
143533250,Габариты,Глубина предмета,2 см
143533250,Габариты,Вес без упаковки (кг),0.13 кг
143533250,Габариты,Вес с упаковкой (кг),0.42 кг
143533250,Габариты,Длина упаковки,18 см
143533250,Габариты,Высота упаковки,8 см
143533250,Габариты,Ширина упаковки,10 см
174098651,Основная информация,Цвет,зеленый; черный
174098651,Общие характеристики,Модель,Comtek LG-A4
174098651,Общие характеристики,Гарантийный срок,12 месяцев; 1 год
174098651,Питание,Питание,встроенный аккумулятор
174098651,Технические особенности,Количество режимов работы,15
174098651,Дополнительная информация,Тип массажера,импульсный; микротоки; электроимпульсный
174098651,Дополнительная информация,Зона массажа,шея
174098651,Дополнительная информация,Действие,микротоки
174098651,Дополнительная информация,Мин. продолжительность автономной работы,15 мин
174098651,Дополнительная информация,Доп. опции массажера,прогревание
174098651,Дополнительная информация,Комплектация,массажер; usb-кабель
174098651,Дополнительная информация,Страна производства,Китай
174098651,Габариты,Высота предмета,15 см
174098651,Габариты,Ширина предмета,13 см
174098651,Габариты,Глубина предмета,3.5 см
174098651,Габариты,Вес без упаковки (кг),0.29 кг
174098651,Габариты,Вес с упаковкой (кг),0.3 кг
174098651,Габариты,Длина упаковки,19 см
174098651,Габариты,Высота упаковки,15 см
174098651,Габариты,Ширина упаковки,5 см
44081627,Основная информация,Цвет,черный
44081627,Общие характеристики,Модель,Миостимулятор для тела Yamaguchi ABS Trainer MIO
44081627,Общие характеристики,Гарантийный срок,12 месяцев; + постгарантийное обслуживание до 5 лет
44081627,Питание,Питание,5 В; от аккумулятора; без питания
44081627,Технические особенности,Количество режимов работы,2 автоматические программы; 15 уровней интенсивности
44081627,Насадки,Количество насадок,1 шт.
44081627,Дополнительная информация,Тип массажера,электроимпульсный; вибрационный; миостимулятор
44081627,Дополнительная информация,Зона массажа,пресс; живот; тело
44081627,Дополнительная информация,Форма массажера,бабочка
44081627,Дополнительная информация,Действие,коррекция фигуры; улучшение кровообращения; тонизирование
44081627,Дополнительная информация,Мин. продолжительность автономной работы,10 мин
44081627,Дополнительная информация,Доп. опции массажера,массажер для пресса; массажер для тела; антицеллюлитный массаж
44081627,Дополнительная информация,Комплектация,миостимулятор для пресса; Пластина с электродами; USB кабель для зарядки; руководство пользователя
44081627,Габариты,Высота предмета,19 см
44081627,Габариты,Ширина предмета,15.5 см
44081627,Габариты,Глубина предмета,0.2 см
44081627,Габариты,Вес без упаковки (кг),0.05 кг
44081627,Габариты,Вес с упаковкой (кг),0.19 кг
44081627,Габариты,Длина упаковки,2 см
44081627,Габариты,Высота упаковки,22 см
44081627,Габариты,Ширина упаковки,28 см
236798629,Основная информация,Цвет,белый
236798629,Общие характеристики,Модель,Цифровой меридиан
236798629,Питание,Питание,от сети; USB
236798629,Технические особенности,Количество режимов работы,6 режимов массажа
236798629,Насадки,Количество насадок,2 шт.
236798629,Дополнительная информация,Тип массажера,вибромассажер; микротоковый импульсный миостимулятор; электроимпульсный
236798629,Дополнительная информация,Зона массажа,плечи; спина; тело
236798629,Дополнительная информация,Действие,улучшение кровообращения; укрепление
236798629,Дополнительная информация,Мин. продолжительность автономной работы,40 мин
236798629,Дополнительная информация,Доп. опции массажера,вибромассаж; электромиостимуляция; эффект иглоукалывания
236798629,Дополнительная информация,Комплектация,аппликаторы электроды 4 шт; кабель питания от сети USB; массажер
236798629,Дополнительная информация,Страна производства,Китай
236798629,Габариты,Высота предмета,16 см
236798629,Габариты,Ширина предмета,6 см
236798629,Габариты,Вес с упаковкой (кг),0.5 кг
236798629,Габариты,Длина упаковки,24 см
236798629,Габариты,Высота упаковки,5 см
236798629,Габариты,Ширина упаковки,20 см
176410178,Основная информация,Цвет,зеленый; черный
176410178,Общие характеристики,Количество предметов в упаковке,1 шт.
176410178,Материалы,Материал изделия,пластик
176410178,Дополнительная информация,Зона массажа,шея; воротниковая зона
176410178,Дополнительная информация,Действие,микротоки; импульсы; стимулирует кровообращение и улучшает питание тканей
176410178,Дополнительная информация,Страна производства,Китай
176410178,Дополнительная информация,Комплектация,массажер; usb-кабель
176410178,Габариты,Ширина предмета,13 см
176410178,Габариты,Высота предмета,15 см
176410178,Габариты,Вес товара с упаковкой (г),0.3 г
176410178,Габариты,Длина упаковки,19 см
176410178,Габариты,Высота упаковки,15 см
176410178,Габариты,Ширина упаковки,5 см
258261491,Основная информация,Цвет,черный
258261491,Питание,Питание,аккумулятор USB; ems
258261491,Технические особенности,Количество режимов работы,6; не кресло
258261491,Дополнительная информация,Тип массажера,вибромассажер с подрывом; профессиональный микроударный; электромассажер электроимпульсный
258261491,Дополнительная информация,Зона массажа,"спина шея поясница руки ноги; пояс живот шейный; бабочка на голень, под колено,ягодицы пресс"
258261491,Дополнительная информация,Действие,коррекция фигуры; укрепление; восстановление релаксация антистресс уменьшение тревоги
258261491,Дополнительная информация,Доп. опции массажера,вибрационный импульсный микроток; тренажер похудение; массажер убрать лишний вес
258261491,Дополнительная информация,Комплектация,массажер 1шт; USB шнур; ремешок; по виду маленький но эффективный
258261491,Габариты,Длина упаковки,20 см
258261491,Габариты,Высота упаковки,15 см
258261491,Габариты,Ширина упаковки,5 см
415714597,Основная информация,Цвет,белый
415714597,Общие характеристики,Модель,беспроводной
415714597,Общие характеристики,Гарантийный срок,1 год
415714597,Питание,Питание,от аккумулятора
415714597,Технические особенности,Количество режимов работы,24
415714597,Насадки,Количество насадок,10 шт.
415714597,Дополнительная информация,Тип массажера,электроимпульсный
415714597,Дополнительная информация,Зона массажа,спина
415714597,Дополнительная информация,Действие,снятие мышечного напряжения
415714597,Дополнительная информация,Мин. продолжительность автономной работы,10000 мин
415714597,Дополнительная информация,Доп. опции массажера,электромиостимуляция
415714597,Дополнительная информация,Комплектация,"миостимулятор, блок питания,комплект проводов"
415714597,Дополнительная информация,Страна производства,Китай
415714597,Габариты,Высота предмета,6 см
415714597,Габариты,Ширина предмета,13.5 см
415714597,Габариты,Глубина предмета,2 см
415714597,Габариты,Вес без упаковки (кг),0.13 кг
415714597,Габариты,Вес с упаковкой (кг),0.42 кг
415714597,Габариты,Длина упаковки,10 см
415714597,Габариты,Высота упаковки,10 см
415714597,Габариты,Ширина упаковки,10 см
90737644,Основная информация,Цвет,глубокий черный; дуб черный; иссиня-черный; черный; черный графит
90737644,Общие характеристики,Количество предметов в упаковке,6
90737644,Материалы,Материал изделия,липучка; пластиковый пульт управления
90737644,Дополнительная информация,Зона массажа,икры; Массаж всех групп мышц; Ноги / Спина / Шея / Руки / Ягодицы
90737644,Дополнительная информация,Действие,"спортивный, сжигает жир, для тела, миостимулятор, стимуляция, похудения; сбросить лишний вес, диета, накачать мышцы, прокачать, красивое тело; электрическими импульсами через накладку стимулирует"
90737644,Дополнительная информация,Страна производства,Китай
90737644,Дополнительная информация,Комплектация,упаковка; 3 пульта управления; инструкция; 3 липучки в блистере
90737644,Габариты,Ширина предмета,19 см
90737644,Габариты,Высота предмета,20 см
90737644,Габариты,Вес товара с упаковкой (г),200 г
90737644,Габариты,Длина упаковки,6 см
90737644,Габариты,Высота упаковки,25 см
90737644,Габариты,Ширина упаковки,24 см
158142293,Основная информация,Цвет,серый
158142293,Общие характеристики,Модель,Массажер электрический миостимулятор для лица и тела
158142293,Общие характеристики,Гарантийный срок,14 дней
158142293,Питание,Питание,от миостимулятора арт; 123325865
158142293,Технические особенности,Количество режимов работы,15 режимов
158142293,Дополнительная информация,Тип массажера,вибромассажер; электроимпульсный; микротоковый
158142293,Дополнительная информация,Зона массажа,бедра; живот; ягодицы
158142293,Дополнительная информация,Действие,для похудения; антицеллюлитный
158142293,Дополнительная информация,Комплектация,Электроды 4 шт. для миостимулятора
158142293,Дополнительная информация,Страна производства,Китай
158142293,Габариты,Вес с упаковкой (кг),0.1 кг
158142293,Габариты,Длина упаковки,14 см
158142293,Габариты,Высота упаковки,4 см
158142293,Габариты,Ширина упаковки,9 см
391389589,Основная информация,Цвет,белый
391389589,Общие характеристики,Модель,Цифровой меридиан
391389589,Питание,Питание,от сети
391389589,Технические особенности,Количество режимов работы,6 режимов массажа
391389589,Насадки,Количество насадок,2 шт.
391389589,Дополнительная информация,Тип массажера,вибромассажер
391389589,Дополнительная информация,Зона массажа,плечи
391389589,Дополнительная информация,Действие,улучшение кровообращения
391389589,Дополнительная информация,Мин. продолжительность автономной работы,40 мин
391389589,Дополнительная информация,Доп. опции массажера,вибромассаж
391389589,Дополнительная информация,Комплектация,аппликаторы электроды 4 шт
391389589,Дополнительная информация,Страна производства,Китай
391389589,Габариты,Высота предмета,16 см
391389589,Габариты,Ширина предмета,6 см
391389589,Габариты,Вес с упаковкой (кг),0.5 кг
391389589,Габариты,Длина упаковки,10 см
391389589,Габариты,Высота упаковки,10 см
391389589,Габариты,Ширина упаковки,10 см
237774536,Основная информация,Цвет,серый
237774536,Общие характеристики,Модель,Массажер электрический миостимулятор для лица и тела
237774536,Общие характеристики,Гарантийный срок,14 дней
237774536,Питание,Питание,от миостимулятора арт; 123325865
237774536,Технические особенности,Количество режимов работы,15 режимов
237774536,Дополнительная информация,Тип массажера,вибромассажер; электроимпульсный; микротоковый
237774536,Дополнительная информация,Зона массажа,бедра; живот; ягодицы
237774536,Дополнительная информация,Действие,для похудения; антицеллюлитный
237774536,Дополнительная информация,Комплектация,Электроды 4 шт. для миостимулятора
237774536,Дополнительная информация,Страна производства,Китай
237774536,Габариты,Вес с упаковкой (кг),0.1 кг
237774536,Габариты,Длина упаковки,14 см
237774536,Габариты,Высота упаковки,4 см
237774536,Габариты,Ширина упаковки,9 см
219211013,Основная информация,Цвет,серый меланж; серый гранит; серый металлик
219211013,Общие характеристики,Модель,микротоковый массажер для спины
219211013,Общие характеристики,Гарантийный срок,3 года; массажер для шеи и плеч электрический; электромассажер для лица
219211013,Питание,Питание,USB; от аккумулятора; от сети
219211013,Технические особенности,Количество режимов работы,10 режимов; массажная подушка для шеи и плеч; электромассажер для шеи
219211013,Дополнительная информация,Тип массажера,электроимпульсный; роликовый; магнитно-акупунктурный
219211013,Дополнительная информация,Зона массажа,голова; плечи; шея
219211013,Дополнительная информация,Действие,электромассажер для шеи и спины; массажёр для тела перкуссионный; остеохондроз
219211013,Дополнительная информация,Мин. продолжительность автономной работы,15 мин
219211013,Дополнительная информация,Доп. опции массажера,автовыключение; вибромассаж; ультразвуковой массаж
219211013,Дополнительная информация,Количество роликов,3; массажер вибрационный; массажер микротоковый
219211013,Дополнительная информация,Комплектация,массажер микротоковый для лица; массажер электрический для шеи и спины; массажер для лица от морщин и отеков электрический; подушка массажер для шеи; Электрический массажер для тела; электрический массажер для ног; электрический массажер для лица; массажер для спины и шеи бытовая техника; массажный аппарат; Электрический массажер для головы; массажер для лица роликовый от морщин; массажер перкуссионный профессиональный
219211013,Дополнительная информация,Страна производства,Германия
219211013,Габариты,Высота предмета,3 см
219211013,Габариты,Ширина предмета,13 см
219211013,Габариты,Глубина предмета,16 см
219211013,Габариты,Вес без упаковки (кг),0.13 кг
219211013,Габариты,Вес с упаковкой (кг),0.28 кг
219211013,Габариты,Длина упаковки,18 см
219211013,Габариты,Высота упаковки,6 см
219211013,Габариты,Ширина упаковки,19 см
230736795,Основная информация,Цвет,серый металлик; серый; серый гранит
230736795,Общие характеристики,Модель,электромассажер
230736795,Общие характеристики,Гарантийный срок,3 года; перкуссионный массажер для тела; массажер перкуссионный пистолет
230736795,Питание,Питание,USB; от аккумулятора; от сети
230736795,Технические особенности,Количество режимов работы,10 режимов; для массажа головы; массажеры электрические
230736795,Дополнительная информация,Тип массажера,вибромассажер; электроимпульсный; магнитно-акупунктурный
230736795,Дополнительная информация,Зона массажа,шея; плечи; лицо
230736795,Дополнительная информация,Действие,массажер для спины и шеи электрический; массажер для головы электрический; Массажер для пресса
230736795,Дополнительная информация,Доп. опции массажера,автовыключение; вибромассаж; инфракрасный излучатель
230736795,Дополнительная информация,Количество роликов,3; массажер для мышц; массажер для шеи и спины и плеч электрический
230736795,Дополнительная информация,Комплектация,массажер для лица от морщин и отеков; массажеры для тела; Массажер для ног роликовый; вибрационный массажер; микротоки для лица; массажер для подбородка; Массажная подушка для шеи; от отеков лица; Массажер роликовый; Массажер для кожи головы; массажер для шеи и спины и плеч; электрический массажер
230736795,Дополнительная информация,Страна производства,Германия
230736795,Габариты,Высота предмета,3 см
230736795,Габариты,Ширина предмета,13 см
230736795,Габариты,Глубина предмета,16 см
230736795,Габариты,Вес без упаковки (кг),0.13 кг
230736795,Габариты,Вес с упаковкой (кг),0.28 кг
230736795,Габариты,Длина упаковки,18 см
230736795,Габариты,Высота упаковки,6 см
230736795,Габариты,Ширина упаковки,19 см
177722356,Габариты,Длина упаковки,20 см
177722356,Габариты,Высота упаковки,13 см
177722356,Габариты,Ширина упаковки,13 см
82587770,Основная информация,Цвет,черный
82587770,Материалы,Материал изделия,пенополиуретан; abs-пластик
82587770,Дополнительная информация,Зона массажа,ноги; стопы; лодыжки
82587770,Дополнительная информация,Действие,массаж ног
82587770,Дополнительная информация,Страна производства,Китай
82587770,Дополнительная информация,Комплектация,коробка; Пульт; массажный коврик; Электрический EMS для ног
82587770,Габариты,Ширина предмета,29 см
219210862,Основная информация,Цвет,серый меланж; серый гранит; серый металлик
219210862,Общие характеристики,Модель,микротоковый массажер для спины
219210862,Общие характеристики,Гарантийный срок,3 года; массажер для лица; массажер для шеи
219210862,Питание,Питание,от сети; от аккумулятора; USB
219210862,Технические особенности,Количество режимов работы,10 режимов; вибромассажер; миостимулятор
219210862,Дополнительная информация,Тип массажера,вибромассажер; магнитно-акупунктурный; электроимпульсный
219210862,Дополнительная информация,Зона массажа,голова; плечи; массажер для шеи и спины
219210862,Дополнительная информация,Действие,улучшение кровообращения; Перкуссионный массажер; микротоковый массажер для лица
219210862,Дополнительная информация,Мин. продолжительность автономной работы,15 мин
219210862,Дополнительная информация,Доп. опции массажера,автовыключение; вибромассаж; инфракрасный излучатель
219210862,Дополнительная информация,Количество роликов,3; массажер для лица роликовый; массажер перкуссионный
219210862,Дополнительная информация,Комплектация,массажер для шеи и спины электрический; Микротоки; Массажер для спины и шеи; лимфодренажный массажер; для лица массажер; массажер для тела электрический; массажер для спины электрический; массажер электрический; миостимулятор для тела; массажер для лица микротоковый; перкуссионный массажер пистолет; Роликовый массажер для лица
219210862,Дополнительная информация,Страна производства,Германия
219210862,Габариты,Высота предмета,3 см
219210862,Габариты,Ширина предмета,13 см
219210862,Габариты,Глубина предмета,16 см
219210862,Габариты,Вес без упаковки (кг),0.13 кг
219210862,Габариты,Вес с упаковкой (кг),0.28 кг
219210862,Габариты,Длина упаковки,18 см
219210862,Габариты,Высота упаковки,6 см
219210862,Габариты,Ширина упаковки,19 см
103494005,Основная информация,Цвет,черный
103494005,Общие характеристики,Количество предметов в упаковке,6
103494005,Материалы,Материал изделия,пластик
103494005,Дополнительная информация,Зона массажа,Спина / Шея / Руки /; живот
103494005,Дополнительная информация,Действие,Массаж; пресс
103494005,Дополнительная информация,Страна производства,Китай
103494005,Габариты,Высота предмета,20 см
103494005,Габариты,Вес товара с упаковкой (г),475 г
103494005,Габариты,Длина упаковки,4 см
103494005,Габариты,Высота упаковки,22 см
103494005,Габариты,Ширина упаковки,20 см
153427024,Дополнительная информация,Применение удобрения,от болезней; универсальное; стимуляция роста и питания
153427024,Дополнительная информация,Объем (мл),1000 мл
153427024,Дополнительная информация,Страна производства,Нидерланды
153427024,Дополнительная информация,Комплектация,Plagron Power Roots 1000мл - 1шт
153427024,Габариты,Вес товара без упаковки (г),1200 г
153427024,Габариты,Длина упаковки,17 см
153427024,Габариты,Высота упаковки,27 см
153427024,Габариты,Ширина упаковки,17 см
377410491,Дополнительная информация,Комплектация,Электроды 4 шт. для миостимулятора
377410491,Габариты,Высота предмета,14 см
377410491,Габариты,Ширина предмета,13 см
377410491,Габариты,Глубина предмета,10 см
377410491,Габариты,Вес с упаковкой (кг),0.2 кг
377410491,Габариты,Длина упаковки,10 см
377410491,Габариты,Высота упаковки,14 см
377410491,Габариты,Ширина упаковки,13 см
230736806,Основная информация,Цвет,серый гранит; серый металлик; серый меланж
230736806,Общие характеристики,Модель,электромассажер
230736806,Общие характеристики,Гарантийный срок,3 года; микротоковый массажер; массажер для шеи и плеч
230736806,Питание,Питание,от аккумулятора; от сети; USB
230736806,Технические особенности,Количество режимов работы,10 режимов; массажер для лица; массажер для шеи и спины и плеч
230736806,Дополнительная информация,Тип массажера,вибромассажер; магнитно-акупунктурный; роликовый
230736806,Дополнительная информация,Зона массажа,шея; спина; плечи
230736806,Дополнительная информация,Действие,Массажер для шеи электрический; вибромассажер для лица; массажер для лица и шеи
230736806,Дополнительная информация,Доп. опции массажера,автовыключение; вибромассаж; ультразвуковой массаж
230736806,Дополнительная информация,Количество роликов,3; массажер роликовый для тела; роликовый массажер
230736806,Дополнительная информация,Комплектация,лимфодренажный массажер для ног; Массажер для кожи головы; Массажер роликовый; Массажная подушка для шеи; массажер для подбородка; микротоки для лица; вибрационный массажер; массажер для лица от морщин и отеков; массажер для шеи и спины и плеч электрический; Массажер для мышц; Массажеры электрические; Массажер для головы электрический
230736806,Дополнительная информация,Страна производства,Германия
230736806,Габариты,Высота предмета,3 см
230736806,Габариты,Ширина предмета,13 см
230736806,Габариты,Глубина предмета,16 см
230736806,Габариты,Вес без упаковки (кг),0.13 кг
230736806,Габариты,Вес с упаковкой (кг),0.28 кг
230736806,Габариты,Длина упаковки,18 см
230736806,Габариты,Высота упаковки,6 см
230736806,Габариты,Ширина упаковки,19 см
230736835,Основная информация,Цвет,серый меланж; серый гранит; серый металлик
230736835,Общие характеристики,Модель,электромассажер
230736835,Общие характеристики,Гарантийный срок,3 года; массажер для лица; массажер для шеи
230736835,Питание,Питание,от сети; от аккумулятора; USB
230736835,Технические особенности,Количество режимов работы,10 режимов; вибромассажер; миостимулятор
230736835,Дополнительная информация,Тип массажера,вибромассажер; магнитно-акупунктурный; электроимпульсный
230736835,Дополнительная информация,Зона массажа,голова; плечи; массажер для шеи и спины
230736835,Дополнительная информация,Действие,улучшение кровообращения; Перкуссионный массажер; микротоковый массажер для лица
230736835,Дополнительная информация,Доп. опции массажера,автовыключение; вибромассаж; инфракрасный излучатель
230736835,Дополнительная информация,Количество роликов,3; массажер для лица роликовый; массажер перкуссионный
230736835,Дополнительная информация,Комплектация,массажер для шеи и спины электрический; Микротоки; Массажер для спины и шеи; лимфодренажный массажер; для лица массажер; массажер для тела электрический; массажер для спины электрический; массажер электрический; миостимулятор для тела; массажер для лица микротоковый; перкуссионный массажер пистолет; Роликовый массажер для лица
230736835,Дополнительная информация,Страна производства,Германия
230736835,Габариты,Высота предмета,3 см
230736835,Габариты,Ширина предмета,13 см
230736835,Габариты,Глубина предмета,16 см
230736835,Габариты,Вес без упаковки (кг),0.13 кг
230736835,Габариты,Вес с упаковкой (кг),0.28 кг
230736835,Габариты,Длина упаковки,18 см
230736835,Габариты,Высота упаковки,6 см
230736835,Габариты,Ширина упаковки,19 см
346959720,Дополнительная информация,Комплектация,Электроды 4 шт. для миостимулятора
346959720,Габариты,Высота предмета,14 см
346959720,Габариты,Ширина предмета,13 см
346959720,Габариты,Глубина предмета,10 см
346959720,Габариты,Вес с упаковкой (кг),0.2 кг
346959720,Габариты,Длина упаковки,10 см
346959720,Габариты,Высота упаковки,14 см
346959720,Габариты,Ширина упаковки,13 см
219211507,Основная информация,Цвет,серый меланж; серый гранит; серый металлик
219211507,Общие характеристики,Модель,микротоковый массажер для спины
219211507,Общие характеристики,Гарантийный срок,3 года; перкуссионный массажер для тела; шейный массажер
219211507,Питание,Питание,от аккумулятора; USB; от сети
219211507,Технические особенности,Количество режимов работы,10 режимов; миостимулятор для лица; массажер для лица от морщин и отеков ручной
219211507,Дополнительная информация,Тип массажера,электроимпульсный; роликовый; магнитно-акупунктурный
219211507,Дополнительная информация,Зона массажа,шея; плечи; лицо
219211507,Дополнительная информация,Действие,электрический массажер для лица; все для массажа; массажер для спины и шеи бытовая техника
219211507,Дополнительная информация,Мин. продолжительность автономной работы,15 мин
219211507,Дополнительная информация,Доп. опции массажера,вибромассаж; автовыключение; инфракрасный излучатель
219211507,Дополнительная информация,Количество роликов,3; массажный аппарат; электрический массажер для головы
219211507,Дополнительная информация,Комплектация,массажер для лица роликовый от морщин; массажер для ног лимфодренажный; массажер перкуссионный профессиональный; Массажная подушка электрическая; массажер головы; массажеры для спины; вибро массажер; шейный массажер; Импульсный массажер; массаж головы; перкуссионный массажер для тела; массажер для спины и шеи электрический
219211507,Дополнительная информация,Страна производства,Германия
219211507,Габариты,Высота предмета,3 см
219211507,Габариты,Ширина предмета,13 см
219211507,Габариты,Глубина предмета,16 см
219211507,Габариты,Вес без упаковки (кг),0.13 кг
219211507,Габариты,Вес с упаковкой (кг),0.28 кг
219211507,Габариты,Длина упаковки,18 см
219211507,Габариты,Высота упаковки,6 см
219211507,Габариты,Ширина упаковки,19 см
219212331,Основная информация,Цвет,серый гранит; серый металлик; серый
219212331,Общие характеристики,Модель,микротоковый массажер для спины
219212331,Общие характеристики,Гарантийный срок,3 года; массажер для шеи и спины электрический с подогревом; лимфодренажный массажер для тела
219212331,Питание,Питание,от сети; от батареек; USB
219212331,Технические особенности,Количество режимов работы,10 режимов; массажер для шеи; микротоковый аппарат
219212331,Дополнительная информация,Тип массажера,вибромассажер; электроимпульсный; роликовый
219212331,Дополнительная информация,Зона массажа,голова; плечи; шея
219212331,Дополнительная информация,Действие,электрический массажер для шеи; массажер для шеи электрический воротниковый; массажер для спины электрический мощный
219212331,Дополнительная информация,Мин. продолжительность автономной работы,15 мин
219212331,Дополнительная информация,Доп. опции массажера,автовыключение; вибромассаж; электромиостимуляция
219212331,Дополнительная информация,Количество роликов,3; перкуссионный массажер; массажер для лица ролик
219212331,Дополнительная информация,Комплектация,подушка массажер для шеи и спины; массажер для спины роликовый; Массажер для шеи и плеч электрический; миостимулятор для ног; электромассажер для лица; электромассажер для шеи и спины; массажёр для тела перкуссионный; массажер для шеи и спины электрический роликовый; остеохондроз; Массажная подушка для шеи и плеч; электромассажер для шеи; Массажер вибрационный
219212331,Дополнительная информация,Страна производства,Германия
219212331,Габариты,Высота предмета,3 см
219212331,Габариты,Ширина предмета,13 см
219212331,Габариты,Глубина предмета,16 см
219212331,Габариты,Вес без упаковки (кг),0.13 кг
219212331,Габариты,Вес с упаковкой (кг),0.28 кг
219212331,Габариты,Длина упаковки,18 см
219212331,Габариты,Высота упаковки,6 см
219212331,Габариты,Ширина упаковки,19 см
232931385,Основная информация,Цвет,серый гранит; серый металлик; серебристый меланж
232931385,Габариты,Вес без упаковки (кг),0.26 кг
232931385,Габариты,Вес с упаковкой (кг),0.35 кг
232931385,Габариты,Длина упаковки,18 см
232931385,Габариты,Высота упаковки,6 см
232931385,Габариты,Ширина упаковки,19 см
219211451,Основная информация,Цвет,серый гранит; серый металлик; серый меланж
219211451,Общие характеристики,Модель,микротоковый массажер для спины
219211451,Общие характеристики,Гарантийный срок,3 года; микротоковый массажер; массажер для шеи и плеч
219211451,Питание,Питание,от аккумулятора; от сети; USB
219211451,Технические особенности,Количество режимов работы,10 режимов; массажер для лица; массажер для шеи и спины и плеч
219211451,Дополнительная информация,Тип массажера,вибромассажер; магнитно-акупунктурный; роликовый
219211451,Дополнительная информация,Зона массажа,шея; спина; плечи
219211451,Дополнительная информация,Действие,Массажер для шеи электрический; вибромассажер для лица; массажер для лица и шеи
219211451,Дополнительная информация,Мин. продолжительность автономной работы,15 мин
219211451,Дополнительная информация,Доп. опции массажера,автовыключение; вибромассаж; ультразвуковой массаж
219211451,Дополнительная информация,Количество роликов,3; массажер роликовый для тела; роликовый массажер
219211451,Дополнительная информация,Комплектация,лимфодренажный массажер для ног; Массажер для кожи головы; Массажер роликовый; Массажная подушка для шеи; массажер для подбородка; микротоки для лица; вибрационный массажер; массажер для лица от морщин и отеков; массажер для шеи и спины и плеч электрический; Массажер для мышц; Массажеры электрические; Массажер для головы электрический
219211451,Дополнительная информация,Страна производства,Германия
219211451,Габариты,Высота предмета,3 см
219211451,Габариты,Ширина предмета,13 см
219211451,Габариты,Глубина предмета,16 см
219211451,Габариты,Вес без упаковки (кг),0.13 кг
219211451,Габариты,Вес с упаковкой (кг),0.28 кг
219211451,Габариты,Длина упаковки,18 см
219211451,Габариты,Высота упаковки,6 см
219211451,Габариты,Ширина упаковки,19 см
219211381,Основная информация,Цвет,серый металлик; серый; серый гранит
219211381,Общие характеристики,Модель,микротоковый массажер для спины
219211381,Общие характеристики,Гарантийный срок,3 года; перкуссионный массажер для тела; массажер перкуссионный пистолет
219211381,Питание,Питание,USB; от аккумулятора; от сети
219211381,Технические особенности,Количество режимов работы,10 режимов; для массажа головы; массажеры электрические
219211381,Дополнительная информация,Тип массажера,вибромассажер; электроимпульсный; магнитно-акупунктурный
219211381,Дополнительная информация,Зона массажа,шея; плечи; лицо
219211381,Дополнительная информация,Действие,массажер для спины и шеи электрический; массажер для головы электрический; Массажер для пресса
219211381,Дополнительная информация,Мин. продолжительность автономной работы,15 мин
219211381,Дополнительная информация,Доп. опции массажера,автовыключение; вибромассаж; инфракрасный излучатель
219211381,Дополнительная информация,Количество роликов,3; массажер для мышц; массажер для шеи и спины и плеч электрический
219211381,Дополнительная информация,Комплектация,массажер для лица от морщин и отеков; массажеры для тела; Массажер для ног роликовый; вибрационный массажер; микротоки для лица; массажер для подбородка; Массажная подушка для шеи; от отеков лица; Массажер роликовый; Массажер для кожи головы; массажер для шеи и спины и плеч; электрический массажер
219211381,Дополнительная информация,Страна производства,Германия
219211381,Габариты,Высота предмета,3 см
219211381,Габариты,Ширина предмета,13 см
219211381,Габариты,Глубина предмета,16 см
219211381,Габариты,Вес без упаковки (кг),0.13 кг
219211381,Габариты,Вес с упаковкой (кг),0.28 кг
219211381,Габариты,Длина упаковки,18 см
219211381,Габариты,Высота упаковки,6 см
219211381,Габариты,Ширина упаковки,19 см
230736784,Основная информация,Цвет,серый меланж; серый гранит; серый металлик
230736784,Общие характеристики,Модель,электромассажер
230736784,Общие характеристики,Гарантийный срок,3 года; массажер для шеи и плеч электрический; электромассажер для лица
230736784,Питание,Питание,USB; от аккумулятора; от сети
230736784,Технические особенности,Количество режимов работы,10 режимов; массажная подушка для шеи и плеч; электромассажер для шеи
230736784,Дополнительная информация,Тип массажера,электроимпульсный; роликовый; магнитно-акупунктурный
230736784,Дополнительная информация,Зона массажа,голова; плечи; шея
230736784,Дополнительная информация,Действие,электромассажер для шеи и спины; массажёр для тела перкуссионный; остеохондроз
230736784,Дополнительная информация,Доп. опции массажера,автовыключение; вибромассаж; ультразвуковой массаж
230736784,Дополнительная информация,Количество роликов,3; массажер вибрационный; массажер микротоковый
230736784,Дополнительная информация,Комплектация,массажер микротоковый для лица; массажер электрический для шеи и спины; массажер для лица от морщин и отеков электрический; подушка массажер для шеи; Электрический массажер для тела; электрический массажер для ног; электрический массажер для лица; массажер для спины и шеи бытовая техника; массажный аппарат; Электрический массажер для головы; массажер для лица роликовый от морщин; массажер перкуссионный профессиональный
230736784,Дополнительная информация,Страна производства,Германия
230736784,Габариты,Высота предмета,3 см
230736784,Габариты,Ширина предмета,13 см
230736784,Габариты,Глубина предмета,16 см
230736784,Габариты,Вес без упаковки (кг),0.13 кг
230736784,Габариты,Вес с упаковкой (кг),0.28 кг
230736784,Габариты,Длина упаковки,18 см
230736784,Габариты,Высота упаковки,6 см
230736784,Габариты,Ширина упаковки,19 см
219208496,Основная информация,Цвет,серый меланж; серый лист; серый гранит
219208496,Общие характеристики,Модель,микротоковый массажер для спины
219208496,Общие характеристики,Гарантийный срок,3 года; массажная подушка электрическая; для головы массажер
219208496,Питание,Питание,от сети; от аккумулятора; USB
219208496,Технические особенности,Количество режимов работы,10 режимов; массажер для головы электрический; массажеры электрические
219208496,Дополнительная информация,Тип массажера,электроимпульсный; тепловой; магнитно-акупунктурный
219208496,Дополнительная информация,Зона массажа,шея; плечи; массажер для спины и шеи электрический
219208496,Дополнительная информация,Действие,вибро массажер; шейный массажер; Импульсный массажер
219208496,Дополнительная информация,Мин. продолжительность автономной работы,15 мин
219208496,Дополнительная информация,Доп. опции массажера,автовыключение; вибромассаж; инфракрасный излучатель
219208496,Дополнительная информация,Количество роликов,3; массажер для мышц; массажер для шеи и спины и плеч электрический
219208496,Дополнительная информация,Комплектация,массажер для тела электрический с насадками; массажер для лица от морщин и отеков; массажеры для тела; вибрационный массажер; микротоки для лица; массажер для подбородка; подушка массажная; Массажная подушка для шеи; Массажер для кожи головы; массажер для шеи и спины и плеч; электрический массажер; массажер для лица и шеи
219208496,Дополнительная информация,Страна производства,Германия
219208496,Габариты,Высота предмета,3 см
219208496,Габариты,Ширина предмета,13 см
219208496,Габариты,Глубина предмета,16 см
219208496,Габариты,Вес без упаковки (кг),0.13 кг
219208496,Габариты,Вес с упаковкой (кг),0.28 кг
219208496,Габариты,Длина упаковки,18 см
219208496,Габариты,Высота упаковки,6 см
219208496,Габариты,Ширина упаковки,19 см
219210760,Основная информация,Цвет,серый лист; серый гранит; серый металлик
219210760,Общие характеристики,Модель,микротоковый массажер для спины
219210760,Общие характеристики,Гарантийный срок,3 года; массажер для шеи и спины и плеч электрический; массажеры электрические
219210760,Питание,Питание,USB; от аккумулятора; от сети
219210760,Технические особенности,Количество режимов работы,10 режимов; массажер перкуссионный пистолет; массажер электрический для тела
219210760,Дополнительная информация,Тип массажера,вибромассажер; магнитно-акупунктурный; роликовый
219210760,Дополнительная информация,Зона массажа,шея; массажер для головы электрический; массажер для спины и шеи электрический
219210760,Дополнительная информация,Действие,успокаивающее; улучшение кровообращения; улучшение сна
219210760,Дополнительная информация,Мин. продолжительность автономной работы,15 мин
219210760,Дополнительная информация,Доп. опции массажера,вибромассаж; автовыключение; инфракрасный излучатель
219210760,Дополнительная информация,Количество роликов,3; шейный массажер; вибро массажер
219210760,Дополнительная информация,Комплектация,массажер перкуссионный профессиональный; массажер для лица роликовый от морщин; Электрический массажер для головы; массажный аппарат; миостимулятор для лица; массажер для спины и шеи бытовая техника; электрический массажер для лица; Электрический массажер для тела; подушка массажер для шеи; массажер для лица от морщин и отеков электрический; от головной боли; для массажа спины
219210760,Дополнительная информация,Страна производства,Германия
219210760,Габариты,Высота предмета,3 см
219210760,Габариты,Ширина предмета,13 см
219210760,Габариты,Глубина предмета,16 см
219210760,Габариты,Вес без упаковки (кг),0.13 кг
219210760,Габариты,Вес с упаковкой (кг),0.28 кг
219210760,Габариты,Длина упаковки,18 см
219210760,Габариты,Высота упаковки,6 см
219210760,Габариты,Ширина упаковки,19 см
219210413,Основная информация,Цвет,серый гранит; серый металлик; серый лист
219210413,Общие характеристики,Модель,микротоковый массажер для спины
219210413,Общие характеристики,Гарантийный срок,3 года; электрический массажер для тела; массажер для плеч
219210413,Питание,Питание,USB; от аккумулятора; от сети
219210413,Технические особенности,Количество режимов работы,10 режимов; миостимулятор для лица; массажер для лица от морщин и отеков ручной
219210413,Дополнительная информация,Тип массажера,вибромассажер; магнитно-акупунктурный; электроимпульсный
219210413,Дополнительная информация,Зона массажа,шея; плечи; лицо
219210413,Дополнительная информация,Действие,электрический массажер для лица; все для массажа; массажер для спины и шеи бытовая техника
219210413,Дополнительная информация,Мин. продолжительность автономной работы,15 мин
219210413,Дополнительная информация,Доп. опции массажера,автовыключение; вибромассаж; ультразвуковой массаж
219210413,Дополнительная информация,Количество роликов,3; массажер для лица роликовый от морщин; электрический массажер для головы
219210413,Дополнительная информация,Комплектация,массажер для ног лимфодренажный; массажер перкуссионный профессиональный; Массажная подушка электрическая; массажер головы; вибро массажер; шейный массажер; Импульсный массажер; перкуссионный массажер для тела; массажер для спины и шеи электрический; Массажер для головы электрический; массажер для пресса; Массажеры электрические
219210413,Дополнительная информация,Страна производства,Германия
219210413,Габариты,Высота предмета,3 см
219210413,Габариты,Ширина предмета,13 см
219210413,Габариты,Глубина предмета,16 см
219210413,Габариты,Вес без упаковки (кг),0.13 кг
219210413,Габариты,Вес с упаковкой (кг),0.28 кг
219210413,Габариты,Длина упаковки,18 см
219210413,Габариты,Высота упаковки,6 см
219210413,Габариты,Ширина упаковки,19 см
230736820,Основная информация,Цвет,серый меланж; серый гранит; серый металлик
230736820,Общие характеристики,Модель,электромассажер
230736820,Общие характеристики,Гарантийный срок,3 года; массажеры электрические; массажер для мышц
230736820,Питание,Питание,от аккумулятора; от сети; USB
230736820,Технические особенности,Количество режимов работы,10 режимов; подушка массажная; массажная подушка для шеи
230736820,Дополнительная информация,Тип массажера,электроимпульсный; тепловой; магнитно-акупунктурный
230736820,Дополнительная информация,Зона массажа,вибрационный массажер; микротоки для лица; массажер для подбородка
230736820,Дополнительная информация,Действие,массажер для шеи и спины и плеч электрический; массажер для тела электрический с насадками; массажеры для тела
230736820,Дополнительная информация,Доп. опции массажера,автовыключение; вибромассаж; инфракрасный излучатель
230736820,Дополнительная информация,Количество роликов,3; массажер роликовый; массажер для кожи головы
230736820,Дополнительная информация,Комплектация,массажер для шеи ручной; массажное кресло электрическое; для шеи; массажер для шеи и спины и плеч; электрический массажер; массажер для лица и шеи; Вибромассажер для лица; массажер для шеи электрический; массажер для шеи и плеч; микротоковый массажер; массажер для лица электрический; массажеры для лица
230736820,Дополнительная информация,Страна производства,Германия
230736820,Габариты,Высота предмета,3 см
230736820,Габариты,Ширина предмета,13 см
230736820,Габариты,Глубина предмета,16 см
230736820,Габариты,Вес без упаковки (кг),0.13 кг
230736820,Габариты,Вес с упаковкой (кг),0.28 кг
230736820,Габариты,Длина упаковки,18 см
230736820,Габариты,Высота упаковки,6 см
230736820,Габариты,Ширина упаковки,19 см
219208352,Основная информация,Цвет,серый гранит; серый металлик; серебристый меланж
219208352,Общие характеристики,Модель,микротоковый массажер для спины
219208352,Общие характеристики,Гарантийный срок,3 года; инфракрасный массажер для лица; массажер перкуссионный
219208352,Питание,Питание,от сети; от батареек; USB
219208352,Технические особенности,Количество режимов работы,10 режимов; массажер мышц; массажная подушка для спины и шеи
219208352,Дополнительная информация,Тип массажера,вибромассажер; магнитно-акупунктурный; электроимпульсный
219208352,Дополнительная информация,Зона массажа,плечи; шея; массажер для спины и шеи электрический ручной
219208352,Дополнительная информация,Действие,массажер мышечный; магнитный массажер электрический; массажер для головы вибрационный
219208352,Дополнительная информация,Мин. продолжительность автономной работы,15 мин
219208352,Дополнительная информация,Доп. опции массажера,автовыключение; вибромассаж; инфракрасный излучатель
219208352,Дополнительная информация,Количество роликов,3; массажер плечевой; перкуссионный массажер
219208352,Дополнительная информация,Комплектация,массажер аккумуляторный; вибрационный ударный массажер; миостимулятор лица; массажер для шеи беспроводной; массажер для шейных отделов; массажер миостимулятор для лица; Электроимпульсный массажер; массажер с магнитом; электрический импульсный массажер для шеи и спины; массажный аппарат для поясницы; перкуссионный массаж; универсальный массажер с подогревом
219208352,Дополнительная информация,Страна производства,Германия
219208352,Габариты,Высота предмета,3 см
219208352,Габариты,Ширина предмета,13 см
219208352,Габариты,Глубина предмета,16 см
219208352,Габариты,Вес без упаковки (кг),0.13 кг
219208352,Габариты,Вес с упаковкой (кг),0.28 кг
219208352,Габариты,Длина упаковки,18 см
219208352,Габариты,Высота упаковки,6 см
219208352,Габариты,Ширина упаковки,19 см
219208417,Основная информация,Цвет,серый шелк; серый графит; серый лист
219208417,Общие характеристики,Модель,микротоковый массажер для спины
219208417,Общие характеристики,Гарантийный срок,3 года; массажер для лица электрический; вибромассажер для тела
219208417,Питание,Питание,USB; от аккумулятора; от сети
219208417,Технические особенности,Количество режимов работы,10 режимов; перкуссионный массажер пистолет; массажер для лица микротоковый
219208417,Дополнительная информация,Тип массажера,вибромассажер; магнитно-акупунктурный; постукивающий
219208417,Дополнительная информация,Зона массажа,плечи; шея; массажер для лица от морщин
219208417,Дополнительная информация,Действие,массажеры для лица; массаж для головы; электромассажер
219208417,Дополнительная информация,Мин. продолжительность автономной работы,15 мин
219208417,Дополнительная информация,Доп. опции массажера,эффект иглоукалывания; ультразвуковой массаж; таймер
219208417,Дополнительная информация,Количество роликов,3; роликовый массажер для лица; Массажер для спины и шеи
219208417,Дополнительная информация,Комплектация,массажер для лица; массажер шейно воротниковой зоны; массажер электрический роликовый; массаж для тела электрический; автоматический массажер; массажер для шеи; электроимпульсный массажер для шеи; остеохондроз; массажер с магнитами; массажер для шеи с инфракрасным подогревом; массажер для шеи спины электрический; массажер вибрационный для лица
219208417,Дополнительная информация,Страна производства,Германия
219208417,Габариты,Высота предмета,3 см
219208417,Габариты,Ширина предмета,13 см
219208417,Габариты,Глубина предмета,16 см
219208417,Габариты,Вес без упаковки (кг),0.13 кг
219208417,Габариты,Вес с упаковкой (кг),0.28 кг
219208417,Габариты,Длина упаковки,18 см
219208417,Габариты,Высота упаковки,6 см
219208417,Габариты,Ширина упаковки,19 см
219211609,Основная информация,Цвет,серый; серый металлик; серый гранит
219211609,Общие характеристики,Модель,микротоковый массажер для спины
219211609,Общие характеристики,Гарантийный срок,3 года; лимфодренажный массажер; массажер для спины и шеи
219211609,Питание,Питание,от аккумулятора; от сети; USB
219211609,Технические особенности,Количество режимов работы,10 режимов; массажер для лица роликовый; миостимулятор
219211609,Дополнительная информация,Тип массажера,вибромассажер; магнитно-акупунктурный; роликовый
219211609,Дополнительная информация,Зона массажа,голова; плечи; шея
219211609,Дополнительная информация,Действие,микротоки; массажер для шеи и спины электрический; массажер перкуссионный
219211609,Дополнительная информация,Мин. продолжительность автономной работы,15 мин
219211609,Дополнительная информация,Доп. опции массажера,автовыключение; вибромассаж; инфракрасный излучатель
219211609,Дополнительная информация,Количество роликов,3; вибромассажер; массажер для шеи и спины
219211609,Дополнительная информация,Комплектация,массажер для ног электрический; микротоковый массажер для лица; перкуссионный массажер; массажер для шеи; массажер для головы; массажер для лица; электромассажер для шеи; Массажер вибрационный; массажер микротоковый; вибромассажер для тела электрический; Микротоковый массажер для лица и шеи; массажер для лица от морщин и отеков электрический
219211609,Дополнительная информация,Страна производства,Германия
219211609,Габариты,Высота предмета,3 см
219211609,Габариты,Ширина предмета,13 см
219211609,Габариты,Глубина предмета,16 см
219211609,Габариты,Вес без упаковки (кг),0.13 кг
219211609,Габариты,Вес с упаковкой (кг),0.28 кг
219211609,Габариты,Длина упаковки,18 см
219211609,Габариты,Высота упаковки,6 см
219211609,Габариты,Ширина упаковки,19 см
232931446,Основная информация,Цвет,серый гранит; серый металлик; серый меланж
232931446,Габариты,Вес без упаковки (кг),0.26 кг
232931446,Габариты,Вес с упаковкой (кг),0.35 кг
232931446,Габариты,Длина упаковки,18 см
232931446,Габариты,Высота упаковки,6 см
232931446,Габариты,Ширина упаковки,19 см
232931488,Основная информация,Цвет,серый гранит; серый металлик; серый
232931488,Габариты,Вес без упаковки (кг),0.26 кг
232931488,Габариты,Вес с упаковкой (кг),0.35 кг
232931488,Габариты,Длина упаковки,18 см
232931488,Габариты,Высота упаковки,6 см
232931488,Габариты,Ширина упаковки,19 см
230736805,Основная информация,Цвет,серый меланж; серый гранит; серый металлик
230736805,Общие характеристики,Модель,электромассажер
230736805,Общие характеристики,Гарантийный срок,3 года; перкуссионный массажер для тела; шейный массажер
230736805,Питание,Питание,от аккумулятора; USB; от сети
230736805,Технические особенности,Количество режимов работы,10 режимов; миостимулятор для лица; массажер для лица от морщин и отеков ручной
230736805,Дополнительная информация,Тип массажера,электроимпульсный; роликовый; магнитно-акупунктурный
230736805,Дополнительная информация,Зона массажа,шея; плечи; лицо
230736805,Дополнительная информация,Действие,электрический массажер для лица; все для массажа; массажер для спины и шеи бытовая техника
230736805,Дополнительная информация,Доп. опции массажера,вибромассаж; автовыключение; инфракрасный излучатель
230736805,Дополнительная информация,Количество роликов,3; массажный аппарат; электрический массажер для головы
230736805,Дополнительная информация,Комплектация,массажер для лица роликовый от морщин; массажер для ног лимфодренажный; массажер перкуссионный профессиональный; Массажная подушка электрическая; массажер головы; массажеры для спины; вибро массажер; шейный массажер; Импульсный массажер; массаж головы; перкуссионный массажер для тела; массажер для спины и шеи электрический
230736805,Дополнительная информация,Страна производства,Германия
230736805,Габариты,Высота предмета,3 см
230736805,Габариты,Ширина предмета,13 см
230736805,Габариты,Глубина предмета,16 см
230736805,Габариты,Вес без упаковки (кг),0.13 кг
230736805,Габариты,Вес с упаковкой (кг),0.28 кг
230736805,Габариты,Длина упаковки,18 см
230736805,Габариты,Высота упаковки,6 см
230736805,Габариты,Ширина упаковки,19 см
230736788,Основная информация,Цвет,серый гранит; серый металлик; серый
230736788,Общие характеристики,Модель,электромассажер
230736788,Общие характеристики,Гарантийный срок,3 года; массажер для шеи и спины электрический с подогревом; лимфодренажный массажер для тела
230736788,Питание,Питание,от сети; от батареек; USB
230736788,Технические особенности,Количество режимов работы,10 режимов; массажер для шеи; микротоковый аппарат
230736788,Дополнительная информация,Тип массажера,вибромассажер; электроимпульсный; роликовый
230736788,Дополнительная информация,Зона массажа,голова; плечи; шея
230736788,Дополнительная информация,Действие,электрический массажер для шеи; массажер для шеи электрический воротниковый; массажер для спины электрический мощный
230736788,Дополнительная информация,Доп. опции массажера,автовыключение; вибромассаж; электромиостимуляция
230736788,Дополнительная информация,Количество роликов,3; перкуссионный массажер; массажер для лица ролик
230736788,Дополнительная информация,Комплектация,подушка массажер для шеи и спины; массажер для спины роликовый; Массажер для шеи и плеч электрический; миостимулятор для ног; электромассажер для лица; электромассажер для шеи и спины; массажёр для тела перкуссионный; массажер для шеи и спины электрический роликовый; остеохондроз; Массажная подушка для шеи и плеч; электромассажер для шеи; Массажер вибрационный
230736788,Дополнительная информация,Страна производства,Германия
230736788,Габариты,Высота предмета,3 см
230736788,Габариты,Ширина предмета,13 см
230736788,Габариты,Глубина предмета,16 см
230736788,Габариты,Вес без упаковки (кг),0.13 кг
230736788,Габариты,Вес с упаковкой (кг),0.28 кг
230736788,Габариты,Длина упаковки,18 см
230736788,Габариты,Высота упаковки,6 см
230736788,Габариты,Ширина упаковки,19 см
230736816,Основная информация,Цвет,серый гранит; серый металлик; серебристый меланж
230736816,Общие характеристики,Модель,электромассажер
230736816,Общие характеристики,Гарантийный срок,3 года; инфракрасный массажер для лица; массажер перкуссионный
230736816,Питание,Питание,от сети; от батареек; USB
230736816,Технические особенности,Количество режимов работы,10 режимов; массажер мышц; массажная подушка для спины и шеи
230736816,Дополнительная информация,Тип массажера,вибромассажер; магнитно-акупунктурный; электроимпульсный
230736816,Дополнительная информация,Зона массажа,плечи; шея; массажер для спины и шеи электрический ручной
230736816,Дополнительная информация,Действие,массажер мышечный; магнитный массажер электрический; массажер для головы вибрационный
230736816,Дополнительная информация,Доп. опции массажера,автовыключение; вибромассаж; инфракрасный излучатель
230736816,Дополнительная информация,Количество роликов,3; массажер плечевой; перкуссионный массажер
230736816,Дополнительная информация,Комплектация,массажер аккумуляторный; вибрационный ударный массажер; миостимулятор лица; массажер для шеи беспроводной; массажер для шейных отделов; массажер миостимулятор для лица; Электроимпульсный массажер; массажер с магнитом; электрический импульсный массажер для шеи и спины; массажный аппарат для поясницы; перкуссионный массаж; универсальный массажер с подогревом
230736816,Дополнительная информация,Страна производства,Германия
230736816,Габариты,Высота предмета,3 см
230736816,Габариты,Ширина предмета,13 см
230736816,Габариты,Глубина предмета,16 см
230736816,Габариты,Вес без упаковки (кг),0.13 кг
230736816,Габариты,Вес с упаковкой (кг),0.28 кг
230736816,Габариты,Длина упаковки,18 см
230736816,Габариты,Высота упаковки,6 см
230736816,Габариты,Ширина упаковки,19 см
230736803,Основная информация,Цвет,серый гранит; серый металлик; серый лист
230736803,Общие характеристики,Модель,электромассажер
230736803,Общие характеристики,Гарантийный срок,3 года; электрический массажер для тела; массажер для плеч
230736803,Питание,Питание,USB; от аккумулятора; от сети
230736803,Технические особенности,Количество режимов работы,10 режимов; миостимулятор для лица; массажер для лица от морщин и отеков ручной
230736803,Дополнительная информация,Тип массажера,вибромассажер; магнитно-акупунктурный; электроимпульсный
230736803,Дополнительная информация,Зона массажа,шея; плечи; лицо
230736803,Дополнительная информация,Действие,электрический массажер для лица; все для массажа; массажер для спины и шеи бытовая техника
230736803,Дополнительная информация,Доп. опции массажера,автовыключение; вибромассаж; ультразвуковой массаж
230736803,Дополнительная информация,Количество роликов,3; массажер для лица роликовый от морщин; электрический массажер для головы
230736803,Дополнительная информация,Комплектация,массажер для ног лимфодренажный; массажер перкуссионный профессиональный; Массажная подушка электрическая; массажер головы; вибро массажер; шейный массажер; Импульсный массажер; перкуссионный массажер для тела; массажер для спины и шеи электрический; Массажер для головы электрический; массажер для пресса; Массажеры электрические
230736803,Дополнительная информация,Страна производства,Германия
230736803,Габариты,Высота предмета,3 см
230736803,Габариты,Ширина предмета,13 см
230736803,Габариты,Глубина предмета,16 см
230736803,Габариты,Вес без упаковки (кг),0.13 кг
230736803,Габариты,Вес с упаковкой (кг),0.28 кг
230736803,Габариты,Длина упаковки,18 см
230736803,Габариты,Высота упаковки,6 см
230736803,Габариты,Ширина упаковки,19 см
230736813,Основная информация,Цвет,серый меланж; серый лист; серый гранит
230736813,Общие характеристики,Модель,электромассажер
230736813,Общие характеристики,Гарантийный срок,3 года; массажная подушка электрическая; для головы массажер
230736813,Питание,Питание,от сети; от аккумулятора; USB
230736813,Технические особенности,Количество режимов работы,10 режимов; массажер для головы электрический; массажеры электрические
230736813,Дополнительная информация,Тип массажера,электроимпульсный; тепловой; магнитно-акупунктурный
230736813,Дополнительная информация,Зона массажа,шея; плечи; массажер для спины и шеи электрический
230736813,Дополнительная информация,Действие,вибро массажер; шейный массажер; Импульсный массажер
230736813,Дополнительная информация,Доп. опции массажера,автовыключение; вибромассаж; инфракрасный излучатель
230736813,Дополнительная информация,Количество роликов,3; массажер для мышц; массажер для шеи и спины и плеч электрический
230736813,Дополнительная информация,Комплектация,массажер для тела электрический с насадками; массажер для лица от морщин и отеков; массажеры для тела; вибрационный массажер; микротоки для лица; массажер для подбородка; подушка массажная; Массажная подушка для шеи; Массажер для кожи головы; массажер для шеи и спины и плеч; электрический массажер; массажер для лица и шеи
230736813,Дополнительная информация,Страна производства,Германия
230736813,Габариты,Высота предмета,3 см
230736813,Габариты,Ширина предмета,13 см
230736813,Габариты,Глубина предмета,16 см
230736813,Габариты,Вес без упаковки (кг),0.13 кг
230736813,Габариты,Вес с упаковкой (кг),0.28 кг
230736813,Габариты,Длина упаковки,18 см
230736813,Габариты,Высота упаковки,6 см
230736813,Габариты,Ширина упаковки,19 см
227632093,Основная информация,Цвет,черный
227632093,Общие характеристики,Количество предметов в упаковке,2
227632093,Дополнительная информация,Зона массажа,икры; Массаж всех групп мышц; Ноги / Спина / Шея / Руки / Ягодицы
227632093,Дополнительная информация,Страна производства,Китай
227632093,Дополнительная информация,Комплектация,2 липучки
227632093,Габариты,Вес товара с упаковкой (г),50 г
227632093,Габариты,Длина упаковки,10 см
227632093,Габариты,Высота упаковки,1 см
227632093,Габариты,Ширина упаковки,17 см
232931426,Основная информация,Цвет,серый гранит; серый металлик; серый меланж
232931426,Габариты,Вес без упаковки (кг),0.26 кг
232931426,Габариты,Вес с упаковкой (кг),0.35 кг
232931426,Габариты,Длина упаковки,18 см
232931426,Габариты,Высота упаковки,6 см
232931426,Габариты,Ширина упаковки,19 см
219210660,Основная информация,Цвет,серый меланж; серый гранит; серый металлик
219210660,Общие характеристики,Модель,микротоковый массажер для спины
219210660,Общие характеристики,Гарантийный срок,3 года; массажеры электрические; массажер для мышц
219210660,Питание,Питание,от аккумулятора; от сети; USB
219210660,Технические особенности,Количество режимов работы,10 режимов; подушка массажная; массажная подушка для шеи
219210660,Дополнительная информация,Тип массажера,электроимпульсный; тепловой; магнитно-акупунктурный
219210660,Дополнительная информация,Зона массажа,вибрационный массажер; микротоки для лица; массажер для подбородка
219210660,Дополнительная информация,Действие,массажер для шеи и спины и плеч электрический; массажер для тела электрический с насадками; массажеры для тела
219210660,Дополнительная информация,Мин. продолжительность автономной работы,15 мин
219210660,Дополнительная информация,Доп. опции массажера,автовыключение; вибромассаж; инфракрасный излучатель
219210660,Дополнительная информация,Количество роликов,3; массажер роликовый; массажер для кожи головы
219210660,Дополнительная информация,Комплектация,массажер для шеи ручной; массажное кресло электрическое; для шеи; массажер для шеи и спины и плеч; электрический массажер; массажер для лица и шеи; Вибромассажер для лица; массажер для шеи электрический; массажер для шеи и плеч; микротоковый массажер; массажер для лица электрический; массажеры для лица
219210660,Дополнительная информация,Страна производства,Германия
219210660,Габариты,Высота предмета,3 см
219210660,Габариты,Ширина предмета,13 см
219210660,Габариты,Глубина предмета,16 см
219210660,Габариты,Вес без упаковки (кг),0.13 кг
219210660,Габариты,Вес с упаковкой (кг),0.28 кг
219210660,Габариты,Длина упаковки,18 см
219210660,Габариты,Высота упаковки,6 см
219210660,Габариты,Ширина упаковки,19 см
232931413,Основная информация,Цвет,серый металлик; серый гранит; серый меланж
232931413,Габариты,Вес без упаковки (кг),0.26 кг
232931413,Габариты,Вес с упаковкой (кг),0.35 кг
232931413,Габариты,Длина упаковки,18 см
232931413,Габариты,Высота упаковки,6 см
232931413,Габариты,Ширина упаковки,19 см
232931449,Основная информация,Цвет,серый; серый металлик; серый гранит
232931449,Габариты,Вес без упаковки (кг),0.26 кг
232931449,Габариты,Вес с упаковкой (кг),0.35 кг
232931449,Габариты,Длина упаковки,18 см
232931449,Габариты,Высота упаковки,6 см
232931449,Габариты,Ширина упаковки,19 см
232931393,Основная информация,Цвет,серый; серый металлик; серый гранит
232931393,Габариты,Вес без упаковки (кг),0.26 кг
232931393,Габариты,Вес с упаковкой (кг),0.35 кг
232931393,Габариты,Длина упаковки,18 см
232931393,Габариты,Высота упаковки,6 см
232931393,Габариты,Ширина упаковки,19 см
232931454,Основная информация,Цвет,серый металлик; серый; серый гранит
232931454,Габариты,Вес без упаковки (кг),0.26 кг
232931454,Габариты,Вес с упаковкой (кг),0.35 кг
232931454,Габариты,Длина упаковки,18 см
232931454,Габариты,Высота упаковки,6 см
232931454,Габариты,Ширина упаковки,19 см
219208725,Основная информация,Цвет,серый гранит; серый металлик; серебристый меланж
219208725,Общие характеристики,Модель,микротоковый массажер для спины
219208725,Общие характеристики,Гарантийный срок,3 года; вибромассажер для лица; массажер для лица и шеи
219208725,Питание,Питание,от сети; от аккумулятора; USB
219208725,Технические особенности,Количество режимов работы,10 режимов; массажная подушка для шеи; от отеков лица
219208725,Дополнительная информация,Тип массажера,вибромассажер; магнитно-акупунктурный; электроимпульсный
219208725,Дополнительная информация,Зона массажа,массажер для лица; роликовый массажер; массажер для кожи головы
219208725,Дополнительная информация,Действие,электрический массажер; массажер для шеи и спины и плеч; для шеи
219208725,Дополнительная информация,Мин. продолжительность автономной работы,15 мин
219208725,Дополнительная информация,Доп. опции массажера,автовыключение; вибромассаж; инфракрасный излучатель
219208725,Дополнительная информация,Количество роликов,3; массажер роликовый; Микротоки для лица
219208725,Дополнительная информация,Комплектация,вибрационный массажер; массажеры для тела; массажер для лица от морщин и отеков; массажер для тела электрический с насадками; массажер для шеи и спины и плеч электрический; Массажер для мышц; Массажеры электрические; для массажа головы; Массажер для головы электрический; массажер для спины и шеи электрический; Массажер перкуссионный пистолет; массажер электрический для тела
219208725,Дополнительная информация,Страна производства,Германия
219208725,Габариты,Высота предмета,3 см
219208725,Габариты,Ширина предмета,13 см
219208725,Габариты,Глубина предмета,16 см
219208725,Габариты,Вес без упаковки (кг),0.13 кг
219208725,Габариты,Вес с упаковкой (кг),0.28 кг
219208725,Габариты,Длина упаковки,18 см
219208725,Габариты,Высота упаковки,6 см
219208725,Габариты,Ширина упаковки,19 см
232931479,Основная информация,Цвет,серый шелк; серый лист; серый меланж
232931479,Габариты,Вес без упаковки (кг),0.26 кг
232931479,Габариты,Вес с упаковкой (кг),0.35 кг
232931479,Габариты,Длина упаковки,18 см
232931479,Габариты,Высота упаковки,6 см
232931479,Габариты,Ширина упаковки,19 см
232931399,Основная информация,Цвет,пастельно-серый
232931399,Габариты,Вес без упаковки (кг),0.26 кг
232931399,Габариты,Вес с упаковкой (кг),0.35 кг
232931399,Габариты,Длина упаковки,18 см
232931399,Габариты,Высота упаковки,6 см
232931399,Габариты,Ширина упаковки,19 см
230736799,Основная информация,Цвет,серый шелк; серый графит; серый лист
230736799,Общие характеристики,Модель,электромассажер
230736799,Общие характеристики,Гарантийный срок,3 года; массажер для лица электрический; вибромассажер для тела
230736799,Питание,Питание,USB; от аккумулятора; от сети
230736799,Технические особенности,Количество режимов работы,10 режимов; перкуссионный массажер пистолет; массажер для лица микротоковый
230736799,Дополнительная информация,Тип массажера,вибромассажер; магнитно-акупунктурный; постукивающий
230736799,Дополнительная информация,Зона массажа,плечи; шея; массажер для лица от морщин
230736799,Дополнительная информация,Действие,массажеры для лица; массаж для головы; электромассажер
230736799,Дополнительная информация,Доп. опции массажера,эффект иглоукалывания; ультразвуковой массаж; таймер
230736799,Дополнительная информация,Количество роликов,3; роликовый массажер для лица; Массажер для спины и шеи
230736799,Дополнительная информация,Комплектация,массажер для лица; массажер шейно воротниковой зоны; массажер электрический роликовый; массаж для тела электрический; автоматический массажер; массажер для шеи; электроимпульсный массажер для шеи; остеохондроз; массажер с магнитами; массажер для шеи с инфракрасным подогревом; массажер для шеи спины электрический; массажер вибрационный для лица
230736799,Дополнительная информация,Страна производства,Германия
230736799,Габариты,Высота предмета,3 см
230736799,Габариты,Ширина предмета,13 см
230736799,Габариты,Глубина предмета,16 см
230736799,Габариты,Вес без упаковки (кг),0.13 кг
230736799,Габариты,Вес с упаковкой (кг),0.28 кг
230736799,Габариты,Длина упаковки,18 см
230736799,Габариты,Высота упаковки,6 см
230736799,Габариты,Ширина упаковки,19 см
230736834,Основная информация,Цвет,серый лист; серый гранит; серый металлик
230736834,Общие характеристики,Модель,электромассажер
230736834,Общие характеристики,Гарантийный срок,3 года; массажер для шеи и спины и плеч электрический; массажеры электрические
230736834,Питание,Питание,USB; от аккумулятора; от сети
230736834,Технические особенности,Количество режимов работы,10 режимов; массажер перкуссионный пистолет; массажер электрический для тела
230736834,Дополнительная информация,Тип массажера,вибромассажер; магнитно-акупунктурный; роликовый
230736834,Дополнительная информация,Зона массажа,шея; массажер для головы электрический; массажер для спины и шеи электрический
230736834,Дополнительная информация,Действие,успокаивающее; улучшение кровообращения; улучшение сна
230736834,Дополнительная информация,Доп. опции массажера,вибромассаж; автовыключение; инфракрасный излучатель
230736834,Дополнительная информация,Количество роликов,3; шейный массажер; вибро массажер
230736834,Дополнительная информация,Комплектация,массажер перкуссионный профессиональный; массажер для лица роликовый от морщин; Электрический массажер для головы; массажный аппарат; миостимулятор для лица; массажер для спины и шеи бытовая техника; электрический массажер для лица; Электрический массажер для тела; подушка массажер для шеи; массажер для лица от морщин и отеков электрический; от головной боли; для массажа спины
230736834,Дополнительная информация,Страна производства,Германия
230736834,Габариты,Высота предмета,3 см
230736834,Габариты,Ширина предмета,13 см
230736834,Габариты,Глубина предмета,16 см
230736834,Габариты,Вес без упаковки (кг),0.13 кг
230736834,Габариты,Вес с упаковкой (кг),0.28 кг
230736834,Габариты,Длина упаковки,18 см
230736834,Габариты,Высота упаковки,6 см
230736834,Габариты,Ширина упаковки,19 см
230736828,Основная информация,Цвет,серый гранит; серый металлик; серебристый меланж
230736828,Общие характеристики,Модель,электромассажер
230736828,Общие характеристики,Гарантийный срок,3 года; вибромассажер для лица; массажер для лица и шеи
230736828,Питание,Питание,от сети; от аккумулятора; USB
230736828,Технические особенности,Количество режимов работы,10 режимов; массажная подушка для шеи; от отеков лица
230736828,Дополнительная информация,Тип массажера,вибромассажер; магнитно-акупунктурный; электроимпульсный
230736828,Дополнительная информация,Зона массажа,массажер для лица; роликовый массажер; массажер для кожи головы
230736828,Дополнительная информация,Действие,электрический массажер; массажер для шеи и спины и плеч; для шеи
230736828,Дополнительная информация,Доп. опции массажера,автовыключение; вибромассаж; инфракрасный излучатель
230736828,Дополнительная информация,Количество роликов,3; массажер роликовый; Микротоки для лица
230736828,Дополнительная информация,Комплектация,вибрационный массажер; массажеры для тела; массажер для лица от морщин и отеков; массажер для тела электрический с насадками; массажер для шеи и спины и плеч электрический; Массажер для мышц; Массажеры электрические; для массажа головы; Массажер для головы электрический; массажер для спины и шеи электрический; Массажер перкуссионный пистолет; массажер электрический для тела
230736828,Дополнительная информация,Страна производства,Германия
230736828,Габариты,Высота предмета,3 см
230736828,Габариты,Ширина предмета,13 см
230736828,Габариты,Глубина предмета,16 см
230736828,Габариты,Вес без упаковки (кг),0.13 кг
230736828,Габариты,Вес с упаковкой (кг),0.28 кг
230736828,Габариты,Длина упаковки,18 см
230736828,Габариты,Высота упаковки,6 см
230736828,Габариты,Ширина упаковки,19 см
153427022,Дополнительная информация,Применение удобрения,от болезней; универсальное; стимуляция роста и питания
153427022,Дополнительная информация,Объем (мл),250 мл
153427022,Дополнительная информация,Страна производства,Нидерланды
153427022,Дополнительная информация,Комплектация,Plagron Power Roots 250мл - 1шт
153427022,Габариты,Вес товара без упаковки (г),300 г
153427022,Габариты,Длина упаковки,16 см
153427022,Габариты,Высота упаковки,16 см
153427022,Габариты,Ширина упаковки,11 см
153427021,Дополнительная информация,Применение удобрения,от болезней; универсальное; стимуляция роста и питания
153427021,Дополнительная информация,Объем (мл),100 мл
153427021,Дополнительная информация,Страна производства,Нидерланды
153427021,Дополнительная информация,Комплектация,Plagron Power Roots 100мл -1шт
153427021,Габариты,Вес товара без упаковки (г),150 г
153427021,Габариты,Длина упаковки,16 см
153427021,Габариты,Высота упаковки,16 см
153427021,Габариты,Ширина упаковки,11 см
153427023,Дополнительная информация,Применение удобрения,от болезней; универсальное; стимуляция роста и питания
153427023,Дополнительная информация,Объем (мл),500 мл
153427023,Дополнительная информация,Страна производства,Нидерланды
153427023,Дополнительная информация,Комплектация,Plagron Power Roots 500мл - 1шт
153427023,Габариты,Вес товара без упаковки (г),600 г
153427023,Габариты,Длина упаковки,14 см
153427023,Габариты,Высота упаковки,21 см
153427023,Габариты,Ширина упаковки,14 см
232932992,Основная информация,Цвет,серый гранит; серый металлик; серый меланж
232932992,Габариты,Вес товара с упаковкой (г),350 г
232932992,Габариты,Длина упаковки,18 см
232932992,Габариты,Высота упаковки,6 см
232932992,Габариты,Ширина упаковки,19 см
230736775,Основная информация,Цвет,серый; серый металлик; серый гранит
230736775,Общие характеристики,Модель,электромассажер
230736775,Общие характеристики,Гарантийный срок,3 года; лимфодренажный массажер; массажер для спины и шеи
230736775,Питание,Питание,от аккумулятора; от сети; USB
230736775,Технические особенности,Количество режимов работы,10 режимов; массажер для лица роликовый; миостимулятор
230736775,Дополнительная информация,Тип массажера,вибромассажер; магнитно-акупунктурный; роликовый
230736775,Дополнительная информация,Зона массажа,голова; плечи; шея
230736775,Дополнительная информация,Действие,микротоки; массажер для шеи и спины электрический; массажер перкуссионный
230736775,Дополнительная информация,Доп. опции массажера,автовыключение; вибромассаж; инфракрасный излучатель
230736775,Дополнительная информация,Количество роликов,3; вибромассажер; массажер для шеи и спины
230736775,Дополнительная информация,Комплектация,массажер для ног электрический; микротоковый массажер для лица; перкуссионный массажер; массажер для шеи; массажер для головы; массажер для лица; электромассажер для шеи; Массажер вибрационный; массажер микротоковый; вибромассажер для тела электрический; Микротоковый массажер для лица и шеи; массажер для лица от морщин и отеков электрический
230736775,Дополнительная информация,Страна производства,Германия
230736775,Габариты,Высота предмета,3 см
230736775,Габариты,Ширина предмета,13 см
230736775,Габариты,Глубина предмета,16 см
230736775,Габариты,Вес без упаковки (кг),0.13 кг
230736775,Габариты,Вес с упаковкой (кг),0.28 кг
230736775,Габариты,Длина упаковки,18 см
230736775,Габариты,Высота упаковки,6 см
230736775,Габариты,Ширина упаковки,19 см
232932970,Основная информация,Цвет,серый металлик; серый гранит; серый меланж
232932970,Габариты,Вес товара с упаковкой (г),350 г
232932970,Габариты,Длина упаковки,18 см
232932970,Габариты,Высота упаковки,6 см
232932970,Габариты,Ширина упаковки,19 см
232932973,Основная информация,Цвет,серый шелк; серый гранит; серый металлик
232932973,Габариты,Вес товара с упаковкой (г),350 г
232932973,Габариты,Длина упаковки,18 см
232932973,Габариты,Высота упаковки,6 см
232932973,Габариты,Ширина упаковки,19 см
232932984,Основная информация,Цвет,серый меланж; серый металлик; серый лист
232932984,Габариты,Вес товара с упаковкой (г),350 г
232932984,Габариты,Длина упаковки,18 см
232932984,Габариты,Высота упаковки,6 см
232932984,Габариты,Ширина упаковки,19 см
232932987,Основная информация,Цвет,серый лист; серый гранит; серый металлик
232932987,Габариты,Вес товара с упаковкой (г),350 г
232932987,Габариты,Длина упаковки,18 см
232932987,Габариты,Высота упаковки,6 см
232932987,Габариты,Ширина упаковки,19 см
212473759,Основная информация,Цвет,черный
212473759,Общие характеристики,Количество предметов в упаковке,1 шт.
212473759,Материалы,Материал изделия,abs-пластик
212473759,Дополнительная информация,Зона массажа,живот; плечи; тело
212473759,Дополнительная информация,Действие,массажер для тела; массажер для спины; антицеллюлитный
212473759,Дополнительная информация,Страна производства,Китай
212473759,Дополнительная информация,Комплектация,стимулятор для пресса
212473759,Габариты,Ширина предмета,20 см
212473759,Габариты,Высота предмета,17 см
212473759,Габариты,Вес товара с упаковкой (г),200 г
212473759,Габариты,Длина упаковки,22 см
212473759,Габариты,Высота упаковки,3 см
212473759,Габариты,Ширина упаковки,20 см
290768035,Материалы,Материал изделия,abs-пластик; пенополиуретан
290768035,Дополнительная информация,Количество в упаковке (шт.),1 шт.
290768035,Дополнительная информация,Особенности коврика,электрический коврик для ног; USB провод для зарядки; инструкция
290768035,Дополнительная информация,Страна производства,Китай
301536327,Основная информация,Состав,"Хром, пиперин (bioperine); D-хиро-инозитол (chinositol), мио-инозитол"
301536327,Дополнительная информация,Количество капсул/таблеток,150 шт.
301536327,Дополнительная информация,Назначение добавки,Витамины для женщин планирующих беременность; для нормализации гормонального фона; бады для женщин при климаксе
301536327,Дополнительная информация,Страна производства,Россия
301536327,Дополнительная информация,Противопоказания,индивидуальная непереносимость; периоды беременности и лактации; детский возраст
301536327,Дополнительная информация,Форма выпуска,Капсулы
301536327,Дополнительная информация,Срок годности,3 года
301536327,Дополнительная информация,Комплектация,инозитол 60 капсул; Хром 90 капсул
301536327,Дополнительная информация,Максимальная температура хранения,+25 °C
301536327,Дополнительная информация,Торговое наименование,"биологически активная добавка к пище ""Инозитол 1000 мг Премиум: Мио - Инозитол и D - Хиро - Инозитол (Inositol 1000 mg Premium: Myo - Inositol & D - Сhiro - Inositol)"" (капсулы по 550 мг)"
301536327,Документы,Свидетельство о регистрации СГР,RU.77.99.11.003.R.003025.10.23
