id,name,price,rating,feedbacks,brand,power_type,zones
221329577,Миостимулятор 36 программ антицеллюлитный для похудения,2052.0,4.9,1021,,USB; от аккумулятора,ноги; спина; тело
334678554,Миостимулятор 48 программ массажер для похудения,4196.0,4.9,1021,,от аккумулятора,тело
221352035,Миостимулятор 36 программ массажер для похудения,1847.0,4.9,1021,,от аккумулятора,тело
91028354,Миостимулятор массажер импульсный электрический для тела,2543.0,4.6,561,AShop,220В (5А); 3 батарейки ААА; USB-шнур,ноги; пресс; тело
169351017,"Миостимулятор FZ-1 ""ШУБОШИ"" для мышц",3986.0,4.9,365,SHUBOSHI,от аккумулятора; от сети,Лицо / Тело / Руки / Ноги / Спина / Живот / Кожа
251013688,"Миостимулятор FZ-2 ""ШУБОШИ"" для мышц",4001.0,4.9,365,SHUBOSHI,от аккумулятора,Лицо / Тело / Руки / Ноги / Спина / Живот / Кожа
141376926,Миостимулятор электрический для тела и для похудения,3565.0,4.9,343,REMASO,USB; от сети,шея; спина; ноги
35995950,"Миостимулятор FZ-1 ""ШУБОШИ"" для мышц",3846.0,4.9,545,SHUBOSHI,,Лицо / Тело / Руки / Ноги / Спина / Живот / Кожа
143533250,"Массажер миостимулятор для тела, спины, шеи и поясницы",2867.0,4.7,2166,TARGO,от аккумулятора; от сети,спина; тело; ноги
198641294,Миостимулятор Массажер электрический Тренажер для пресса,509.0,4.3,1187,Missis A,от батареек,ноги; живот; руки
178910159,Импульсный миостимулятор для лечения всего тела JR-309A,1165.0,4.6,1281,AllerShop,от сети; от батареек,тело; спина; руки
43996867,Массажер миостимулятор для тела электрический,621.0,4.6,2748,"Ура, приехало!",от сети; от батареек,спина; тело; шея
148830492,Массажер для тела Миостимулятор электрический импульсный,2115.0,4.6,442,Dizezo,220В (5А); 3 батарейки ААА; USB-шнур,"для шеи, для головы, для ног"
250135346,Мышечный миостимулятор электрический массажер для тела,1199.0,4.6,698,ROASTERS,"Usb, от сети",шея; тело; спина
141936084,Миостимулятор для тела и и пресса,361.0,4.3,8854,nazare,USB,"ноги, руки, живот, поясница, шея, бедра, лицо; Плечи / Шея / Спина / Ягодицы; позвоночника, пресса, груди, икры, под коленом, ступни"
291888914,Спортивный массажер миостимулятор для тела электрический,2792.0,4.7,2166,TARGO,от аккумулятора; от сети,живот; ягодицы; бедра
312901930,"Миостимулятор для пресса и рук, массажер для тела",638.0,4.6,1772,Furellia,от батареек,живот; руки; тело
44081627,Миостимулятор для пресса тренажер ABS Trainer MIO,5012.0,4.7,1504,Yamaguchi,5 В; от аккумулятора; без питания,пресс; живот; тело
236596238,"Электростимулятор для мышц, массажер миостимулятор",818.0,4.6,1772,FURVIREA,,спина; тело; руки
250133162,"Миостимулятор 36 программ, антицеллюлитный для похудения",1896.0,4.6,698,ROASTERS,USB; от аккумулятора,"ноги, спина, тело"
114150729,Аппарат миостимуляции B-333,11108.0,4.7,302,Estetik Beauty Body,от сети,для тела; для всего тела; для груди
346462615,"Массажер миостимулятор Incentivo, 36 режимов",2450.0,4.6,698,ROASTERS,от аккумулятора,
328814914,Тренажер-миостимулятор для тазового дна и пресса для женщин,3693.0,4.9,243,Excellent Style,USB,живот; интимная зона; тело
260607223,Реабилитационный тренажер для рук и ног после инсульта,2447.0,4.8,556,ReBalance,,
192370914,Массажер для шеи и плеч электрический миостимулятор,2235.0,4.6,292,,встроенный аккумулятор,шея; шейно-воротниковая зона
159323506,Массажер для лица микротоковый бандаж электрический,1990.0,4.6,999,Vilab,USB; от аккумулятора; от сети,лицо; тело; подбородок
343099404,Физиотерапевтический аппарат миостимулятор электрический,4453.0,4.6,698,ROASTERS,от сети,"голова, шея; поясница, спина, ступни"
61124788,Миостимулятор EMS-750 тренажер массажер,5709.0,4.8,3276,Planta,220 В,Плечи / Шея / Спина / Ягодицы; Спина / Живот / Поясница
318374112,Массажер миостимулятор для всего тела электрический,1742.0,4.6,570,KEP Ko,USB; от аккумулятора; от сети,тело
236420653,Миостимулятор массажер для тела электрический,915.0,4.6,2748,"Ура, приехало!",USB; от сети,шея; спина; живот
314416549,Массажер электрический миостимулятор,5097.0,4.5,1151,Evo sante,от сети; от батареек,ноги; пресс; тело
313622916,"Миостимулятор для тела, массажер для спины",1346.0,4.6,1772,Furellia,,стопы; тело; спина
104503339,Массажер миостимулятор для тела EMS-300,3032.0,4.8,3276,Planta,от батареек,"Спина и конечности; Тело спина поясница живот; Ягодицы, Ноги, Стопы"
264221158,Миостимулятор для тела с лор насадкой,1668.0,4.6,1772,Furellia,USB,
160527057,Электрический миостимулятор для тела и мышц,965.0,4.6,570,KEP Ko,от аккумулятора,тело
108786610,Массажер электрический миостимулятор,1409.0,4.5,1151,Evo sante,от сети; от батареек,живот; бедра; тело
315057523,миостимулятор массажер электрический,449.0,4.5,342,,от батареек; от сети,бедра; живот; ягодицы
318375411,Массажер миостимулятор для всего тела электрический,868.0,4.6,570,KEP Ko,USB; от аккумулятора; от сети,тело
366132108,Массажер миостимулятор микротоковый бабочка,590.0,4.9,766,,от аккумулятора; от батареек; от сети,тело; живот; спина
217790915,Миостимулятор массажер импульсный электрический для лица,603.0,4.7,764,The Basket,2 батареи ААА,зона вокруг глаз; лицо
44096937,Миостимулятор для шеи и поясницы NECK Trainer MIO,4513.0,4.7,1504,Yamaguchi,от аккумулятора; Литиевая аккумуляторная батарея,плечи; спина; шея
171541891,Миостимулятор массажер для терапии,503.0,4.4,524,Lieblich Hause,от сети; от батареек; USB (в комплекте),тело; руки и ноги; спина пресс руки и ноги для пресса
312901173,"Миостимулятор для тела, массажер для спины",579.0,4.6,1772,Furellia,,
264135194,Массажер для похудения живота миостимулятор для пресса пояс,698.0,4.1,1755,Plantos,от аккумулятора; от сети,живот; тело; спина
178777119,Массажер миостимулятор тренажер,472.0,4.5,929,YOUR&STORE,USB; от батареек; от сети,бедра; живот; плечи
20880491,Миостимулятор EMS-200 тренажер для пресса,2174.0,4.8,3276,Planta,от батареек; USB,"Спина и конечности; Ягодицы, Ноги, Стопы; Тело спина поясница живот"
399491740,Массажер для тела микротоковый,486.0,4.7,753,Массажер электрический,от аккумулятора,тело; мышцы; руки
183867687,для спины шеи тела ног электрический,500.0,4.5,341,Миостимулятор массажер,от батареек; от сети,бедра; живот; плечи
209568635,Миостимулятор массажер тренажер для тела пресса и рук,582.0,5.0,2,Missis A,,бедра; живот; ноги
204716562,Миостимулятор,883.0,4.5,1776,FURVIREA,,
239622627,Миостимулятор для всего тела,406.0,4.3,2245,classic trends,,живот; ноги; руки
253495405,Массажер женский миостимулятор для увеличения и роста груди,2197.0,4.6,561,AShop,от батареек,грудь; молочная железа; грудная клетка
394606252,Электрический миостимулятор для тела и мышц,2449.0,4.6,570,KEP Ko,от аккумулятора,тело
362178861,Микротоковый массажер для лица и тела,1795.0,4.8,1959,BodyRave,от сети,лицо; тело; зона вокруг глаз
27541382,Миостимулятор EMS-350 тренажер массажер,2687.0,4.8,3276,Planta,220 В,"Спина и конечности; Тело, Бёдра, Ноги, Плечи, Бока, Руки"
204010629,миостимулятор массажер электрический,449.0,4.5,342,весна з,от батареек; от сети,бедра; живот; плечи
44696286,Массажер для шеи и плеч миостимулятор электрический,991.0,4.7,2445,Ortech,USB кабель (В комплекте); от аккумулятора; USB,спина; шейный отдел позвоночника; воротниковая зона
51787540,Миостимулятор массажер электрический,1411.0,4.6,872,Evo sante,от сети; от батареек,живот; бедра; тело
236802936,Виброплатформа тренажер для похудения,5539.0,4.9,854,P&F,от сети; Bluetooth,ноги; живот; ягодицы
258435392,Миостимулятор для ног FOOT Trainer MIO,7946.0,4.7,1504,Yamaguchi,,ноги; тело; бедра
269273309,"Миостимулятор для пресса, пояс для пресса",981.0,4.6,1772,Furellia,USB,живот; спина; тело
220795333,Миостимулятор Pelvifine тазового дна,4474.0,4.6,698,ROASTERS,от батареек,
394600906,Электрический миостимулятор для тела,4327.0,4.6,570,KEP Ko,от батареек,тело
141319553,Массажер для шеи тела импульсный миостимулятор электрический,1037.0,4.7,1801,Ortech,USB кабель (В комплекте),спина; тело; шея
14154692,"Пояс-миостимулятор для похудения, тренажер пресса M10",3708.0,4.6,322,Gezatone,"Батарея ААА, 2 шт",бедра; пресс; живот
231332321,Массажер для похудения живота миостимулятор для пресса пояс,880.0,4.1,1755,Plantos,от аккумулятора; от сети,живот; тело; спина
397300881,Массажер перкуссионный электрический вибромассажер,2271.0,4.9,387,Massager gun,от аккумулятора,ноги; тело; руки
245525396,Миостимулятор для мышц тазового дна,4591.0,4.6,698,ROASTERS,,
173241584,Косметический микротоковый вибромассажер для лица,1646.0,4.4,352,Dimarket,USB; от аккумулятора,овал лица; подбородок; лицо
259347584,Тренажер-миостимулятор для тазового дна и пресса для женщин,3461.0,4.9,243,Excellent Style,USB,живот; интимная зона; тело
204511996,Миостимулятор массажер для всего тела,1651.0,4.8,325,,от батареек; от сети,плечи; спина; тело
369001845,Миостимулятор массажер для лица и тела электрический,710.0,5.0,2,RuMir,от сети,лицо; тело
263006628,массажер перкуссионный электрический,1318.0,4.8,9073,GRAND,от аккумулятора,"тело,ноги,шея"
286626694,"Массажер для шеи, спины и тела",1909.0,4.9,1311,ATLAS M,USB; от аккумулятора,шея; спина; ягодицы
258613995,Массажер миостимулятор вакуумный антицеллюлитный для тела,3009.0,4.8,384,DolcePeach,USB; от аккумулятора,бедра; живот; руки
217653354,Миостимулятор массажер импульсный электрический для тела,1148.0,4.7,764,The Basket,220В (5А); USB-шнур; 3 батарейки тип АА,"шея, голова; ноги,руки,живот; остеохондроз аппарат"
278820954,Массажер миостимулятор бабочка,560.0,4.7,753,Массажер электрический,от аккумулятора,спина; тело; мышцы
340459341,Массажер бабочка,412.0,4.7,753,Массажер электрический,от аккумулятора,спина; тело; мышцы
259612238,Массажер для шеи и спины электрический импульсный,636.0,4.2,217,МириКи,от батареек,спина; шейный отдел позвоночника; воротниковая зона
165741322,Миостимулятор массажер для тела и мышц,287.0,4.4,689,TandemSHOP,Встроенный аккумулятор,"ноги, руки, живот, поясница, шея, бедра, лицо; Плечи / Шея / Спина / Ягодицы; позвоночника, пресса, груди, икры, под коленом, ступни"
52241526,Массажер косметический электрический тренажер для пресса,1392.0,4.0,1040,TechZonech ADENIS,,
196843983,"Миостимулятор для пресса, пояс для похудения",716.0,4.2,1000,FURVIREA,USB,живот
241182990,Миостимулятор пояс для пресса,474.0,5.0,1,OptexpressTV,USB; от аккумулятора; поддержка и восстановление,живот; тело; спина
161953259,Косметический микротоковый вибромассажер для лица,2080.0,4.6,600,Dimarket,,овал лица; подбородок; лицо
284200562,Миостимулятор цифровой Меридиан,490.0,5.0,1,,от сети,
213710877,Миостимулятор массажер для тела Меридиан,550.0,4.4,348,Balkh Star,от сети; от батареек; USB (в комплекте),"Спина, плечи, ноги, руки, ягодицы; Живот, Талия; поясница, бедра"
327037933,Электрический массажер миостимулятор для мышц,417.0,5.0,1,Cozyshop для дома,,живот; руки; плечи
50511241,Миостимулятор для суставов электрический EM 28,3487.0,4.8,370,BEURER,Батарейки ААА - 3 шт,запястье; предплечье
327048053,Электрический массажер миостимулятор для пресса,321.0,5.0,1,Cozyshop для дома,,живот; руки; плечи
324901316,Массажер бабочка с пультом,526.0,4.6,328,Массажер электрический,от аккумулятора,спина; тело; мышцы
185540115,"Массажер для ног, миостимулятор EMSF-20",3125.0,4.8,3276,Planta,от батареек,ноги
279628028,Миостимулятор для тазового дна,3502.0,4.6,1772,Furellia,USB,интимная зона
194367611,Пояс для похудения Миостимулятор Массажер электрический,699.0,4.6,385,Sofia Luxury,USB; от аккумулятора,живот; бедра; тело
262515548,Массажер миостимулятор для терапии,585.0,5.0,1,The best shop prices,от батареек; от сети,ноги; руки; тело
154413759,Массажер микротоковый электрический миостимулятор,212.0,4.2,1922,,,
174252707,"Миостимулятор для пресса, пояс для похудения",1018.0,4.2,1000,FURVIREA,USB,живот; тело
19237484,"Миостимулятор для интимных мышц, Тренажер Кегеля",13547.0,4.5,219,TONIS,,
239618683,Электрический массажер для тела,183.0,4.3,2245,classic trends,аккумуляторный,живот; ноги; спина
253122237,EMS массажер с разогревающим эффектом,1492.0,4.6,1772,FURVIREA,,
175537092,Массажер миостимулятор тренажер для спины шеи тела ног,802.0,5.0,3,modern welling,от сети; от батареек; USB (в комплекте),тело; лицо; руки и ноги
163743837,Импульсный миостимулятор для лечения всего тела,1083.0,4.7,286,Ruman,,
390778793,Миостимулятор мини для тела,286.0,5.0,1,,USB,грудная клетка; живот; бедра
223351635,Массажер миостимулятор вакуумный антицеллюлитный для тела,2719.0,4.8,471,EVERI,USB; без питания; от аккумулятора,бедра; живот; ноги
267641140,Миостимулятор,667.0,5.0,1,ONECHOISE,USB; от батареек; от сети,тело; руки; шея
194438944,Пояс для похудения Миостимулятор Массажер электрический,699.0,4.6,385,Sofia Luxury,USB; от аккумулятора,живот; бедра; тело
159900838,Массажер электрический миостимулятор,226.0,4.1,644,A&F Group,USB; от аккумулятора; от сети,шея; спина; живот
108673217,Вагинальный тренажер Кегеля миостимулятор мыщц тазового дна,4703.0,4.7,768,SensaTone,,
147167296,EMS Массажер электрический для ног,825.0,4.7,1823,ARNAHealth,от аккумулятора,ноги; стопы
312899254,"Миостимулятор для шеи, подушка миостимулятор",3728.0,4.6,1772,Furellia,,
198312913,Стимулятор для мышц живота,837.0,4.3,2078,"Ура, приехало!",USB; от сети,живот; спина; тело
288062550,Массажер для спины и шеи микротоковый миостимулятор,313.0,5.0,2,Missis A,USB,"ноги, руки, живот, поясница, шея, бедра, лицо; лечи / Шея / Спина / Ягодицы; позвоночника, пресса, груди, икры, под коленом, ступни"
283874508,Электрический массажер для тела 2 шт,296.0,4.2,863,Damka,от аккумулятора,тело; руки; шея
249559438,Массажер миостимулятор,631.0,5.0,1,ECOHOMELY,USB,бедра; плечи; спина
208669037,Электрический массажер микротоковый миостимулятор,432.0,4.0,334,CostPrice,USB; от аккумулятора,тело; спина; ноги
290863727,Массажер для тела,481.0,5.0,2,Win shop,USB,плечи; спина; рук и ног
244563420,Пояс для похудения массажер электрический тренировочный,1796.0,4.8,3813,,от сети,живот; ноги; спина
192970989,Стимулятор для мышц живота,1124.0,4.3,2078,"Ура, приехало!",USB; от сети,живот; спина; тело
176541310,Массажер электрический для тела,152.0,4.1,497,электрические массажеры EMS,USB; от аккумулятора; от сети,тело; руки; шея
141145037,Массажер для шеи Миостимулятор EMS Neck Massager,9725.0,4.8,239,Yamaguchi,DC 5В/1А,шея
108435239,Массажер-миостимулятор для шеи HX-5880,429.0,4.2,391,ORZALA,USB,Шея / Плечи
16329046,Импульсный миостимулятор для лечения всего тела,1112.0,4.5,328,RIPOMA,,
372471091,Тренажер бабочка с пультом,456.0,4.6,328,Массажер электрический,от аккумулятора,спина; тело; мышцы
172075398,Миостимулятор импульсный массажер бабочка,392.0,5.0,1,PRODUSHOP,USB,спина; пресс; руки и ноги
226456901,Массажер миостимулятор для тела,456.0,5.0,3,Haidarov Home,USB; от аккумулятора,бедра; живот; ноги
206250025,Пояс электрический жиросжигающий массажер для похудения EMS,2997.0,4.7,539,EMS & Heating,USB,талия; поясница; живот
274734385,Миостимулятор массажер импульсный электрический для тела,599.0,5.0,1,Hill brand,от батареек; USB; от сети,тело; шея; живот
195586166,Миостимулятор-массажер для шеи и плеч с USB зарядкой,404.0,5.0,1,,,тело; шея; спина
234866369,Антицеллюлитный массажер для тела для похудения,2605.0,4.8,384,DolcePeach,,живот; ягодицы; бедра
263899530,Электрический массажер для тела,185.0,4.2,863,Damka,от аккумулятора,тело; руки; шея
173234055,Микротоковый массажер для лица rf лифтинг микротоки,840.0,4.8,4040,"""ng beauty""",от аккумулятора,зона вокруг глаз; лицо; декольте
145254296,Массажер миостимулятор для терапии,683.0,5.0,5,KAMILLA,,Все тело шея спина ноги плечи руки ягодицы живот
178660867,Массажер для шеи и плеч электрический,1290.0,4.8,559,7TON,от аккумулятора,плечи; шея; спина
341047679,Миостимулятор для лица и всего тела массажер электрический,792.0,5.0,3,RuMir,,Для всего тела; для лица и рук; для шеи и спины
335214615,Электромассажер миостимулятор акупунктурный,529.0,5.0,1,,,все тело
205796949,Массажер для ног электрический коврик,409.0,4.3,8854,nazare,220,стопы; ноги
198348956,Массажер миостимулятор для терапии,516.0,4.3,503,HomeMarket24/7,,
195324674,Массажёр для лица бандаж микротоковый электрический,1872.0,4.6,291,NOVA-G,от аккумулятора,лицо; подбородок; тело
170078190,Массажер электрический EMS миостимуляция,179.0,4.1,2957,OT Shop,USB,спина; пресс; руки и ноги
224272499,Виброплатформа для похудения тренажер,5465.0,4.9,1634,PeakForm,от сети,ягодицы; ноги; живот
154707733,Импульсный массажер для шеи и воротниковой зоны TENS,861.0,4.7,1671,KIHOME,USB кабель (В комплекте),шея; плечи; спина
209520605,Массажер для шеи и плеч электрический,1328.0,4.8,559,7TON,USB; от аккумулятора,плечи; шея; спина
120391480,Электрический EMS массажер для ног и рук,574.0,4.6,2425,GoodLife,от аккумулятора,стопы; ноги; пятки
398379808,Массажер антицеллюлитный микротоковый для тела и головы EMS,1970.0,4.8,11665,TSOY,от сети; проводной массажер,голова; тело; ноги
178660879,Массажер для шеи и плеч электрический,1295.0,4.8,559,7TON,USB; от аккумулятора,плечи; шея; спина
296274286,Массажер для спины и шеи,141.0,4.0,405,Golden store,USB,
139626366,Массажер для шеи и плеч импульсный миостимулятор,765.0,4.6,448,Xiaomi,"Встроенная батарея, заряжаемая от USB","воротниковая зона; шея, плечи, спина; шея"
340544412,Массажер для тела жиросжигающий,1943.0,4.7,272,Curlbee,USB,
270063928,массажер для тела спины и похудения,2192.0,4.8,559,7TON,от аккумулятора,шея; тело; живот
201647766,Импульсный массажер для шеи и воротниковой зоны TENS,1320.0,4.7,1200,KIHOME,USB кабель (В комплекте),шея; плечи; спина
169443138,Массажер для ног электрический коврик,424.0,4.1,2957,OT Shop,USB; от сети; от аккумулятора,ноги
260867590,Пояс электрический жиросжигающий массажер для похудения,3587.0,4.7,289,IYNI,USB,живот; спина; талия
227887076,Микротоковый массажер для лица и тела,2092.0,4.9,2765,F A C E S,5 ВТ,лицо; шея
387043128,Массажер для ног и всего тела,303.0,4.4,530,classic trends,USB; от сети,ноги
296836467,Микротоковый массажер для лица и тела,1720.0,4.8,1959,BodyRave,от сети,лицо; тело; зона вокруг глаз
59169214,Rf лифтинг массажер для лица с микротоками m1607,5492.0,4.7,2342,Gezatone,,шея; лицо; зона вокруг глаз
143753238,Массажер для шеи электрический,2227.0,4.7,2143,IGUARA,USB; от аккумулятора; от прикуривателя автомобиля,шейный отдел позвоночника; спина; воротниковая зона
252571255,Микротоковый массажер для лица от морщин и отеков рф лифтинг,4911.0,4.8,599,LUXLIFTING,USB; от сети,лицо; зона вокруг глаз; шея
195627696,Массажер электрический Mini Massager для тела миостимулятор,250.0,4.4,705,mini ems,USB,спина; тело; шея
223922330,Массажер для шеи воротниковой зоны электрический импульсный,1110.0,4.7,681,Liparty,от аккумулятора; USB,шея
173241288,Микротоковый массажер для лица RF лифтинг микротоки,991.0,4.8,6727,"""ng beauty""",от аккумулятора,зона вокруг глаз; лицо; декольте
217456725,Массажер для лица электрический RF лифтинг микротоковый,1566.0,4.6,390,MinoFank,от аккумулятора; Беспроводной,лицо; шея; зона вокруг глаз
203501890,Массажер для лица электрический RF лифтинг микротоковый,1367.0,4.7,4300,OKLISH beauty,от аккумулятора,лицо; шея; зона вокруг глаз
282777101,Массажер жиросжигающий для похудения,2449.0,4.7,272,Curlbee,USB,
135576690,Вагинальный тренажер Миостимулятор для интимных мышц,14109.0,4.6,267,Sensa TONE,,
331332601,"Реабилитационный тренажер, миостимулятор для рук и ног",1811.0,4.8,556,ReBalance,,
174650201,Антицеллюлитный массажер для тела,2676.0,4.7,932,EMVIMASS,от сети,спина; ноги; тело
214337249,Массажер для спины и шеи микротоковый миостимулятор,213.0,4.4,230,GO SHOP,Встроенный аккумулятор,ноги; шея; спина
247781618,Микротоковый массажер для лица RF лифтинг,1198.0,4.7,3815,Louvo,от аккумулятора; Беспроводной,лицо; шея; зона вокруг глаз
173241055,Микротоковый массажер для лица электрический RF лифтинг,1047.0,4.8,6727,"""ng beauty""",от аккумулятора,лицо; зона вокруг глаз; декольте
229539758,Миостимулятор массажер тренажер для тела пресса и рук,522.0,4.3,334,Тренажер для пресса,,
174691648,Микротоковый массажер для лица от отеков и морщин,2252.0,4.7,2646,LUXLIFTING,USB; от сети,лицо; зона вокруг глаз; шея
176135675,Микротоковый массажер для лица электрический лифтинг,3272.0,4.9,1330,"""ng beauty""",от аккумулятора,зона вокруг глаз; лицо
413452261,Стимулятор для мышц живота,3113.0,4.3,2078,"Ура, приехало!",от сети,живот; руки; тело
71879726,Массажер для спины и шеи тела импульсный миостимулятор,3063.0,4.5,301,PrettyMassage,От батареек (2 шт АА),голова; лопатки; Шея плечи
229398109,Микротоковый массажер для лица и шеи,1296.0,4.7,677,FacialSPA,USB,зона вокруг глаз; лицо; шея
81549518,Импульсный массажер для шеи и воротниковой зоны,860.0,4.7,3231,Baikus,USB,шея; спина; плечи
240667779,Виброплатформа для похудения 206324729,5676.0,4.9,240,Golax,от сети,ягодицы; ноги; живот
170075078,Электрический массажер для лица и шеи микротоковый,350.0,4.8,3671,Boev Store,,лицо; шея; зона вокруг глаз
177877982,Электрический вибромассажер для ног и стоп,6789.0,4.8,1234,Keona,от сети 220В,стопы; ноги; ступни
154962159,EMS массажер миостимулятор для ног и тела,322.0,3.7,225,тидор,,
87665607,Массажер для шеи и плеч миостимулятор импульсный,3803.0,4.6,377,Xiaomi,от сети; от аккумулятора,шея; плечи
94481874,А4 биологически активные точки для массажа хиджамы гирудо,433.0,4.7,1818,КРАСОТА & ЗДОРОВЬЕ,,бедра; живот; ягодицы
180402727,Косметический микротоковый вибромассажер для лица,2154.0,4.4,352,Dimarket,USB; от аккумулятора,овал лица; подбородок; лицо
235840654,Микротоковый массажер для лица,2955.0,4.8,1200,BEAUTY fresh,от аккумулятора,зона вокруг глаз; лицо; шея
87685422,Микротоковый роликовый массажер для лица Biolift m101,4795.0,4.9,592,Gezatone,,шея; лицо; тело
242323118,Микротоковый массажер для лица RF лифтинг Фонофорез,2431.0,4.8,1959,BodyRave,от аккумулятора; USB,лицо; шея; зона вокруг глаз
177854660,Мини массажер бабочка электрические,250.0,4.2,281,WOOD STINKY,USB; от аккумулятора,бедра; спина; руки
175548998,Массажер для тела бабочка,265.0,4.1,320,lineSel,USB,спина; поясница; шея
212300288,Массажер для лица электрический RF лифтинг микротоковый,1566.0,4.7,4300,OKLISH beauty,от аккумулятора,лицо; зона вокруг глаз; шея
227023748,Виброплатформа для похудения 150 кг тренажер кардио степпер,5849.0,4.8,1134,ЦЕНТР РАСПРОДАЖ,220; от сети,"для ног, для похудения, для пресса живота, для тела; для бедер и ягодиц, для стоп, для стопы"
188936420,Массажер электрический для тела,339.0,4.1,365,Сезон товаров,USB; от аккумулятора; от сети,тело; руки; шея
48076520,Микротоковый массажер для лица Splando rf лифтинг,10853.0,4.7,221,OLZORI,Встроенный аккумулятор,лицо; зона вокруг глаз; зона декольте
217984877,Электрический косметический массажер,1641.0,4.8,1495,JOJO.,от сети; от прикуривателя автомобиля; USB,голова; шея; спина
168306102,Массажер электрический для тела,189.0,4.2,225,масажиор мири для шеяь,от аккумулятора,воротниковая зона; ноги; живот
155538674,Микротоковый массажер для лица rf лифтинг от морщин отеков,2675.0,4.8,4399,LUXLIFTING,,зона вокруг глаз; лицо; шея
271250239,Массажер EMS электрический для тела бабочка,183.0,4.3,665,MK Home,USB; от аккумулятора; от сети,спина; живот; ноги
18777442,Микротоковый массажер для лица rf ems лифтинг,8902.0,4.7,634,MOMAN,,зона вокруг глаз; шея и декольте; лицо
181547475,EMS массажер для ног Массажер для ног электрический коврик,258.0,4.2,582,,от сети; USB; от аккумулятора,ноги; стопы; тело
159488078,"Электрический массажер для шеи, миостимулятор для тела",259.0,4.3,659,GOODSTORAGE,,
90737644,Для пресса рук ног Массажер похудеть миостимулятор тренажер,669.0,4.1,302,Magazin Happy,,икры; Массаж всех групп мышц; Ноги / Спина / Шея / Руки / Ягодицы
153482366,Миостимулятор массажер Бабочка на пресс,414.0,3.5,497,TexnoBalu,от батареек,пресс; живот; тело
68712051,Миостимулятор для тела и пресса,405.0,3.9,1480,HARBR FITNESS,,
211071648,Электрический микротоковый массажер для похудения тела,395.0,4.4,371,Myak_shop,USB; от аккумулятора; На аккумуляторной батарее,Шеи; ног; спины
276616461,Массажер для лица электрический RF лифтинг микротоковый,2878.0,4.7,4300,OKLISH beauty,от аккумулятора,зона вокруг глаз; лицо; шея
220698426,Массажер для лица EMS микротоковый для лифтинга и омоложения,4609.0,4.7,362,YOUTOPIA,USB,лицо; шея; зона вокруг глаз
366415225,Микротоковый массажер для лица RF лифтинг,1354.0,4.8,1959,BodyRave,от аккумулятора; USB,лицо; шея; зона вокруг глаз
207492675,Микротоковый массажер микротоки аппарат для лица,3205.0,4.8,2104,IGUARA,от аккумулятора,зона лица; зона вокруг глаз; Зона подбородка
143500860,предотвращение возникновения и развития заболеваний стоп,1191.0,4.3,503,HomeMarket24/7,,стопы; ноги; пятки
131866637,Микротоковый массажер для шеи плеч головы спины,422.0,4.2,391,ORZALA,,массаж тела; массажер для ног электрический; массаж спины и поясницы
248833861,Электрический массажер для ног и стоп,7412.0,4.9,1567,Keona,от сети 230В,ступни; ноги
212341753,Пояс для похудения Массажер электрический,642.0,4.4,348,Balkh Star,USB; от аккумулятора,бедра; живот; тело
256787604,Виброплатформа для похудения тренажер до 150 кг,4786.0,4.7,1317,IZISTRONG,от сети,живот; ягодицы; ноги
204075090,Массажер для ног и тела электрический микротоковый коврик,335.0,4.2,281,WOOD STINKY,USB; от аккумулятора,бедра; спина; руки
370579939,"Миостимулятор для пресса, пояс для похудения",739.0,4.8,640,World of Gadgets,USB,живот
154898610,Массажер для шеи и спины электрический импульсный,1877.0,4.6,794,KidSSMART,Аккумулятор встроенный; USB,воротниковая зона; шея и голова; плечи и спина
186309593,Массажер для шеи и спины электрический импульсный,1712.0,4.6,1187,KireiTech,USB; от аккумулятора; от прикуривателя автомобиля,шея и плечи; шейный отдел позвоночника; шейный массажер
256528965,Микротоковый аппарат для лица,2602.0,4.8,1200,BEAUTY fresh,,лицо; шея; зона вокруг глаз
251341860,Вакуумный антицеллюлитный массажер для тела ног и ягодиц,1181.0,4.7,4585,HomelySpa,от адаптера,тело; ягодицы; ноги
167314362,Массажер для ног и тела электрический микротоковый коврик,211.0,3.6,8996,Eligio,от сети; USB; от аккумулятора,ноги; стопы; тело
346876183,Массажер для лица микротоковый,2105.0,4.7,4300,OKLISH beauty,от аккумулятора,лицо; шея; зона вокруг глаз
198153403,EMS Массажер электрический для ног,370.0,4.0,7650,GO SHOP,,ноги; стопы
155143944,Массажер для шеи и спины электрический импульсный,903.0,4.6,794,KidSSMART,Аккумулятор встроенный; USB,воротниковая зона; шея и голова; плечи и спина
222657645,Массажер для лица EMS лифтинг,2951.0,4.8,287,Honey destiny,от аккумулятора,голова; шея; лицо
251341862,Вакуумный антицеллюлитный массажер для тела ног и ягодиц,1180.0,4.7,4585,HomelySpa,от адаптера,тело; ягодицы; ноги
186823795,Массажер для головы и тела электрический мурашка,1625.0,4.6,1154,URUSPO,от аккумулятора; USB; от прикуривателя автомобиля,голова; тело; шея
177616027,Массажный матрас электрический массажер для спины и тела,6300.0,4.7,1207,STARRKO,от сети,спина; тело; ноги
325196430,Микротоковый массажер микротоки аппарат для лица,3198.0,4.8,2104,IGUARA,от аккумулятора,зона лица; зона вокруг глаз; Зона подбородка
206955272,Микротоковый массажер для шеи плеч головы спины КН-960,792.0,4.2,391,ORZALA,от аккумулятора; USB,массаж тела; массажер для ног электрический; массаж спины и поясницы
219461941,Массажер для головы электрический мурашка,1842.0,4.6,794,KidSSMART,от аккумулятора; USB,голова; тело; шея
251341861,Вакуумный антицеллюлитный массажер для тела ног и ягодиц,1175.0,4.7,4585,HomelySpa,от адаптера,тело; ягодицы; ноги
263597292,"Электрический косметический массажер для шеи, спины и тела",1405.0,4.7,6078,Rellax&massage,от сети; от прикуривателя автомобиля,бедра; ноги; спина
358212202,Электрический массажер для ног и стоп,7194.0,4.7,2337,KORPHOUS,от сети,ноги; стопы
196739566,Электрический массажер для ног и стоп,8928.0,4.9,1567,Keona,от сети 220В,стопы; ноги; ступни
239995237,Тренажер для пресса живота,4023.0,4.7,503,Supretto,,
312601189,Массажер для лица и шеи глаз от отеков морщин микротоковый,1263.0,4.7,5036,Chernika,от аккумулятора; USB; от сети,зона вокруг глаз; шея; лицо
177613721,Массажный матрас электрический массажер для спины и тела,7419.0,4.7,1207,STARRKO,от сети,ноги; спина; шея
161953258,Косметический микротоковый вибромассажер для лица,2133.0,4.6,600,Dimarket,,овал лица; подбородок; лицо
250134925,Электрический массажер для ног и стоп,9366.0,4.9,1567,Keona,от сети 220В,ноги; лодыжки; стопы
173244161,Электрический EMS микротоковый вибромассажер для лица и шеи,1827.0,4.4,352,Dimarket,USB; от аккумулятора,вокруг глаз; лицо; зона вокруг глаз
263597293,"Электрический косметический массажер для шеи, спины и тела",1398.0,4.7,6078,Rellax&massage,от сети; от прикуривателя автомобиля,спина; тело; шея
404377554,Микротоковый массажер для лица и тела,1797.0,4.8,1959,BodyRave,от сети,лицо; тело; зона вокруг глаз
333501473,Массажер перкуссионный электрический вибромассажер,1548.0,4.9,387,Massager gun,от аккумулятора,ноги; тело; руки
173241582,Косметический микротоковый вибромассажер для лица,1646.0,4.4,352,Dimarket,USB; от аккумулятора,овал лица; подбородок; лицо
212188612,Импульсный массажер для шеи и спины,1878.0,4.5,494,ALITMILA,USB провод; от аккумулятора; Беспроводной,"шея, плечи,; спина; воротниковая зона"
188139306,Микротоковый массажер для лица и тела,1990.0,4.8,2519,TosWa,USB; от аккумулятора; USB Type-C,лицо; шея; зона вокруг глаз
270163270,Электрический вибромассажер для ног и стоп,9487.0,4.9,602,Keona,от сети 230В,ступни; ноги; стопы
229184600,Микротоковый массажер для лица бандаж,916.0,4.7,405,Dent X,USB,для лица; микротоковый аппарат для лица
255756352,Микротоковый массажер микротоки аппарат для лица,3189.0,4.8,2104,IGUARA,от аккумулятора,зона лица; зона вокруг глаз; Зона подбородка
260831249,Массажер для лица микротоковый RF лифтинг,1034.0,4.6,243,MED BEAUTY,от аккумулятора,лицо; шея; зона вокруг глаз
208374018,Роллер-массажер для лица и шеи L-Mirru,11317.0,4.8,277,OLZORI,от аккумулятора,лицо; зона вокруг глаз; шея
215876768,Массажер электрический для ног коврик,421.0,4.2,308,pro100market,аккумулятор; USB,ноги; стопы
4861381,Микротоковый лифтинг массажер для лица m100,2471.0,4.6,1136,Gezatone,,шея; лицо; зона вокруг глаз
203491674,Микротоковый массажер для лица RF лифтинг,1323.0,4.8,603,OKLISH,,лицо; шея; декольте
299214296,массажер перкуссионный электрический,1410.0,4.8,9073,GRAND,от аккумулятора,"тело,ноги,шея"
258814932,Массажер перкуссионный для спины и тела электрический,2475.0,4.6,223,MASSAG,,
166102139,Массажер для тела ног массажа шеи перкуссионный пистолет,812.0,4.7,6922,массажный пистолет ПРЕМИУМ,,"массажер для ног шеи тела спины лица; Спина, шея, плечи, ноги, руки, бедра, поясница; антицеллюлитный массажер от целлюлита"
173244160,Электрический EMS микротоковый вибромассажер для лица и шеи,1829.0,4.4,352,Dimarket,USB; от аккумулятора,вокруг глаз; лицо; зона вокруг глаз
370282193,"Массажер для шеи, спины и тела",1897.0,4.7,250,FlexiFit,от сети,шея; спина; тело
164229128,Микротоковый массажер для лица подарок на 8 марта,1480.0,4.8,1516,4U_room,USB,лицо; зона вокруг глаз; шея
237275893,Массажер для шеи воротниковой зоны электрический импульсный,798.0,4.7,681,Liparty,USB; от аккумулятора,шея
354626462,Электрический вибромассажер для кожи вокруг глаз,1015.0,4.6,600,Dimarket,,вокруг глаз; зона вокруг глаз
226792329,Массажер для лица электрический микротоковый от морщин,615.0,4.2,407,000-Art,от аккумулятора; USB; от сети,зона вокруг глаз; лицо; шея
359523903,"Массажер для шеи, спины и тела",1604.0,4.7,1812,Re:Fit,от сети; от прикуривателя автомобиля; от прикуривателя машины,шея; спина; тело
177755412,Массажный матрас электрический массажер для спины и тела,5828.0,4.7,1207,STARRKO,от сети,ноги; тело; спина
159396020,Массажер для шеи спины и тела электрический импульсный,903.0,4.7,439,Homa Doma,Встроенный аккумулятор,"массажер для шеи, плеч и спины; массажер для головы и тела; Электроимпульсный массажер шейных позвонков"
200527796,Микротоковый массажер для лица и шеи от морщин и отеков,1118.0,4.7,561,antiStore_Beauty,,лицо; шея; Вокруг глаз
90029941,Массажер для лица электрический,1837.0,4.7,525,Anlars,USB,"Для подбородка скул вокруг глаз, шея; лицо"
226792328,Массажер для лица электрический микротоковый от морщин,615.0,4.2,407,000-Art,от аккумулятора; USB; от сети,зона вокруг глаз; лицо; шея
293174131,Микротоковый массажер для лица и шеи RF-лифтинг Фонофорез,3102.0,4.9,626,RFLY,от аккумулятора; от сети,лицо; зона вокруг глаз; шея
279333423,Виброплатформа для похудения тренажер,6980.0,4.7,1812,Re:Fit,от сети,ягодицы; ноги; живот
370578988,Массажер для лица и шеи глаз от отеков морщин микротоковый,1164.0,4.8,520,Chernika,от аккумулятора; USB; от сети,лицо; шея; зона вокруг глаз
173244164,Электрический EMS микротоковый вибромассажер для лица и шеи,1828.0,4.4,352,Dimarket,USB; от аккумулятора,вокруг глаз; лицо; зона вокруг глаз
236178371,"Электрический косметический массажер для шеи, спины и тела",1532.0,4.7,5170,Массажная подушка,от сети; от прикуривателя автомобиля; от прикуривателя машины,"для ног шеи тела спины лица; лицо не против морщин; Спина, шея, плечи, ноги, руки, бедра, поясница, живот"
431364629,Массажер для ног электрический коврик,435.0,4.4,594,,от сети; от аккумулятора; USB,
383760972,Миостимулятор антицеллюлитный с пультом для похудения,4542.0,4.8,239,Valencia Sport,,
229767050,Массажер для лица электрический микротоковый от морщин,789.0,4.2,407,000-Art,от аккумулятора; USB; от сети,зона вокруг глаз; лицо; шея
345036723,Вакуумный антицеллюлитный массажер для тела ног и ягодиц,1216.0,4.7,4585,HomelySpa,от адаптера,тело; ягодицы; ноги
198129723,Массажер для шеи плеч электрический импульсный,1705.0,4.6,1187,KireiTech,USB; от аккумулятора; от прикуривателя автомобиля,шея и плечи; шейный отдел позвоночника; воротниковая зона
208468175,Массажер для лица электрический микротоковый от морщин,791.0,4.2,407,000-Art,от аккумулятора; USB; от сети,зона вокруг глаз; лицо; шея
244960431,Микротоковый массажер для тела и головы с EMS,2041.0,4.8,3846,OGAY,от сети,голова; тело; ноги
18777443,Микротоковый массажер для лица RF EMS лифтинг,8902.0,4.7,634,MOMAN,,носугубные складки; контуринг скул и овала лица; лицо
265981268,Микротоковый массажер для лица RF лифтинг,1298.0,4.7,503,Infinity store,от аккумулятора; Беспроводной,лицо; шея; зона вокруг глаз
109059870,"Массажер для шеи электрический, микротоковый",1730.0,4.5,389,OMYXON,"Встроенная батарея, заряжаемая от USB","шея, плечи, спина; воротниковая зона; голова"
261224690,Массажер для ног электрический,364.0,4.5,231,EMS FOOT MASSAGER,USB,ноги; стопы
403235880,"Массажер для шеи, спины и тела",1505.0,4.7,250,FlexiFit,от сети,шея; спина; тело
242400366,Массажер для лица и шеи микротоковый и аппарат rf лифтинг,941.0,4.3,342,Alisashops,USB,лицо; зона вокруг глаз; шея
370580375,Массажер для лица и шеи глаз от отеков морщин микротоковый,1245.0,4.8,520,Chernika,от аккумулятора; USB; от сети,зона вокруг глаз; шея; лицо
370280506,"Массажер для шеи, спины и тела",1530.0,4.7,250,FlexiFit,от сети,шея; спина; тело
266565943,Дермапен H5 White,16013.0,4.9,471,Dr.Pen,,для всего тела; для кожи головы; для лица
94481875,А3 биологически активные точки для массажа хиджамы гирудо,528.0,4.7,1818,КРАСОТА & ЗДОРОВЬЕ,,бедра; живот; ягодицы
417604657,Виброплатформа для похудения тренажер,9219.0,4.9,854,PeakForm,от сети,ягодицы; ноги; живот
33915463,Микротоковый массажер для лица rf ems лифтинг,8902.0,4.7,634,MOMAN,,лицо; шея; зона подбородка
195992623,Электромиостимулятор Тренажер Маркелова,36023.0,4.7,548,SELFDOCS,Батарейки АА (4шт).,
416407275,Массажер перкуссионный электрический вибромассажер,1143.0,4.4,594,,от аккумулятора,
266566716,Дермапен H5 Gold,16014.0,4.9,471,Dr.Pen,,для всего тела; для кожи головы; для лица
165415885,Тренажер массажер EMS,390.0,4.3,3933,ARNAHealth,,
232088903,Массажный матрас для всего тела,7959.0,4.6,276,PRO Starrko,от сети,ноги; спина; шея
362191797,Микротоковый массажер для лица и тела,1797.0,4.8,1959,BodyRave,от сети,лицо; тело; зона вокруг глаз
153160292,Массажер для ног электрический коврик,349.0,4.0,442,Nihao Дом,аккумуляторный,ноги; стопы; икры
219809298,Массажер для лица,3096.0,4.7,279,Mezonica,от аккумулятора,для лица; для тела; для шеи
312601146,Массажер для лица и шеи глаз от отеков морщин микротоковый,1311.0,4.7,5036,Chernika,от аккумулятора; USB; от сети,лицо; шея; зона вокруг глаз
17796422,Роликовый массажер для лица микротоковый L-Mirru,11275.0,4.7,293,OLZORI,,лицо; шея; зона вокруг глаз
229767313,Массажер для лица электрический микротоковый от морщин,789.0,4.2,407,000-Art,от аккумулятора; USB; от сети,зона вокруг глаз; лицо; шея
343085766,Микротоковый массажер RF лифтинг для лица,936.0,4.7,545,Launa,220 В,лицо; зона вокруг глаз; декольте
160512409,электрический роликовый,1242.0,4.4,416,Массажер для спины и шеи,,спина; шея; плечи
224084105,Массажер подушка для шеи,1863.0,4.6,228,AlPHA технологии,от аккумулятора; USB,"тело; Для головы; спина, шея, плечи"
143706614,Микротоковый массажер для лица лифтинг электрический EMS,2943.0,4.8,939,Beauty Home A&N,,лицо; шея; зона вокруг глаз
255482119,Массажер для ног и стоп электрический роликовый с подогревом,8699.0,4.9,1567,Keona,от сети 220В,стопы; лодыжки
418686538,Массажный матрас электрический массажер для спины и тела,4932.0,4.7,1207,STARRKO,от сети,ноги; тело; спина
371756284,Массажер для шеи спины и тела,1210.0,4.7,1452,,от сети; от прикуривателя,шея; спина; тело
140699703,Косметический микротоковый вибромассажер для лица,1670.0,4.6,600,Dimarket,,овал лица; подбородок; лицо
159659909,Микротоковый массажер для лица косметический RF лифтинг,1831.0,4.6,755,swisscare,,Лицо; Шея; Вокруг глаз
181271983,"Электрический косметический массажер для шеи, спины и тела",1533.0,4.5,1509,Electro Shop,от сети; от прикуривателя автомобиля; от прикуривателя машины,для ног; для шеи; для тела
226159793,электрический массажер для спины и шеи,1610.0,4.5,434,ТЕХНО ЛАЙН,от сети; от прикуривателя автомобиля; от прикуривателя машины,для ног; для шеи; для тела
165450701,Тренажер массажер EMS для ног,866.0,4.3,3933,ARNAHealth,,
222658505,Профессиональный микротоковый аппарат рф лифтинг для лица,4281.0,4.8,413,Kirei Tech,USB-C,для массажа лица; от морщин; для кожи вокруг глаз
338492344,"Массажер для шеи, спины и тела",1604.0,4.7,1812,Re:Fit,от сети; от прикуривателя автомобиля; от прикуривателя машины,шея; спина; тело
245908579,Массажер для лица косметический RF лифтинг микротоковый,1175.0,4.8,250,,от аккумулятора,зона вокруг глаз; лицо; шея
260152044,Массажер для шеи и спины,1420.0,4.7,5170,,от сети; от прикуривателя автомобиля,для ног; для шеи; для тела
230916733,Массажер для тела ног массажа шеи перкуссионный пистолет,499.0,4.4,2532,Eligio,от сети,"для тела, для спины, для шеи; для бедер, для ягодиц, для рук; Для ног, для лица"
169414840,Массажер для ног и тела электрический микротоковый коврик,210.0,4.1,2957,OT Shop,USB; от аккумулятора,ноги
210693520,Дермапен Q2,11909.0,4.8,568,Dr.Pen,,для лица; для волос; для тела
366415188,Микротоковый массажер для лица RF лифтинг Фонофорез,2428.0,4.8,1959,BodyRave,от аккумулятора; USB,лицо; шея; зона вокруг глаз
260154250,Массажер для шеи и спины,1463.0,4.7,5170,,от сети; от прикуривателя автомобиля,для ног; для шеи; для тела
230916736,Массажер для тела ног массажа шеи перкуссионный пистолет,495.0,4.4,2532,Eligio,от сети,"для тела, для спины, для шеи; для бедер, для ягодиц, для рук; Для ног, для лица"
281702211,Электрический (вибромассажер) массажер для ног и стоп,7376.0,4.9,602,Keona,от сети 220В,стопы; пятки
160513836,Массажер для спины шеи и плеч электрический роликовый,1045.0,4.4,296,Массажер для спины и шеи,,спина; шея; плечи
80864816,Микротоковый роликовый массажер для лица микротоки аппарат,540.0,4.5,1344,POLLY DОLLY,,зона вокруг глаз; шея; лицо
331334521,Реабилитационный тренажер для рук и ног после инсульта,3219.0,4.8,556,ReBalance,,
142542013,Косметический микротоковый вибромассажер для лица,1525.0,4.6,600,Dimarket,,овал лица; подбородок; лицо
15847178,"Массажная подушка, массажер для спины шеи и плеч",1043.0,4.7,14172,Массажер Medi Brawl,,"лицо; для ног шеи тела спины лица; Спина, шея, плечи, ноги, руки, бедра, поясница"
145412566,Электрический EMS микротоковый вибромассажер для лица и шеи,1942.0,4.6,600,Dimarket,,вокруг глаз; лицо; зона вокруг глаз
258381724,Микротоковый массажер для лица микротоки аппарат,1263.0,4.6,383,UNIBRAND,от сети; от аккумулятора,для глаз; для лица; для шеи
236182252,Массажер для шеи и спины,1423.0,4.7,5170,Массажная подушка,от сети; от прикуривателя автомобиля,"для ног шеи тела спины лица; лицо не против морщин; Спина, шея, плечи, ноги, руки, бедра, поясница, живот"
151556802,Электронный фитнес-пояс Пояс массажер для похудения,680.0,4.2,227,GOODSTORAGE,,поясница; живот; ягодицы
370261818,Микротоковый массажер для лица и шеи RF-лифтинг Фонофорез,7908.0,4.9,363,RFLY,от аккумулятора; USB,лицо; зона вокруг глаз; шея
222657647,Массажер для лица EMS лифтинг,3420.0,4.8,287,Honey destiny,от аккумулятора,голова; шея; лицо
265000912,Массажер для лица и шеи микротоковый и аппарат rf лифтинг,830.0,4.7,600,Alisashops,USB,лицо; зона вокруг глаз; шея
176754879,Физиотерапевтический аппарат для лечения БиоТЭНС медицинский,17327.0,4.9,345,iHelp,от батареек; от аккумулятора,для всего тела; для спины; для суставов
49468221,RF лифтинг аппарат для лица m1610,15480.0,4.7,2342,Gezatone,,шея; лицо; зона декольте
316853212,Электрический массажер для ног и стоп,9010.0,4.9,602,Keona,от сети,стопы; ноги; ступни
102415520,Массажер MIO для коррекции фигуры,4449.0,4.5,260,GESS,,
30582312,Ролик для массажа Древмасс с шипами,2627.0,4.9,738,DREVMASS,,"шея и плечи; ноги, руки, живот, поясница, шея, бедра; Тело, голени, бедра, ягодицы, бока, живот, руки"
209436534,Лифтинг массажер для лица и шеи,522.0,4.8,241,KairosGroup,,лицо; зона вокруг глаз; руки и шея
29979779,Спортивный пояс для похудения с эффектом тонизации мышц,1456.0,4.1,1262,TechZonech ADENIS,,
199730528,Микротоковый массажный набор для лица от отеков и морщин,3405.0,4.8,535,LUXLIFTING,,
251190726,Массажер для спины шеи и плеч,1110.0,4.3,964,,от прикуривателя автомобиля; от аккумулятора; от батареек,плечи; бедра; живот
245400956,Перкуссионный массажер пистолет профессиональный,2744.0,4.8,792,GoldenTouch,от аккумулятора; портативный,"тело; спина; Для шеи, бедер, рук, ягодиц, ног , живота от жира"
163458244,Массажер для лица микротоковый электрический от морщин EMS,3219.0,4.8,225,Dr Beauty You,,зона вокруг глаз; лицо; шея
149488507,Электрический EMS микротоковый вибромассажер для лица и шеи,1946.0,4.6,600,Dimarket,,вокруг глаз; лицо; зона вокруг глаз
206239818,Массажер для лица шеи микротоковый электрический от отеков,461.0,4.6,708,ORZALA,,
244394808,Массажер для шеи и спины электрический,1658.0,4.6,311,CUREWAY,от аккумулятора; Type-C; от прикуривателя в автомобиле,"спина и шея; плечи и поясница; руки, ноги и бедра"
354637348,Косметический микротоковый вибромассажер для лица,1359.0,4.6,600,Dimarket,,овал лица; подбородок; лицо
239568299,Подставка для микротокового аппарата массажера для лица M99,352.0,4.8,413,Kirei Tech,,от морщин; для массажа лица; для кожи вокруг глаз
405657557,Микротоковый роликовый массажер роллер для лица,2459.0,4.7,217,,,лицо
14568528,Массажёр для шеи ног спины плеч и тела,1500.0,4.7,12804,Массажер Showerli,,"лицо; для ног шеи тела спины лица; Спина, шея, плечи, ноги, руки, бедра, поясница"
229767312,Массажер для лица электрический микротоковый от морщин,789.0,4.2,407,000-Art,от аккумулятора; USB; от сети,зона вокруг глаз; лицо; шея
